Workbook

Sheet Topes_2026
A1: OFICINA ASUNTOS DOCENTES | B1: Columna1 | C1: Columna2 | D1: Columna3 | E1: Columna4 | F1: Columna5 | G1: Columna6 | H1: Columna7 | I1: Columna8 | J1: Columna9 | K1: Columna10 | L1: Columna11 | M1: Columna12 | N1: Columna13 | O1: Columna14 | P1: Columna15 | Q1: Columna16 | R1: Columna17 | S1: Columna18 | T1: Columna19 | U1: Columna20 | V1: Columna21 | W1: Columna22 | X1: Columna23 | Y1: Columna24 | Z1: Columna25 | AA1: Columna26 | AB1: Columna27 | AC1: Columna28 | AD1: Columna29 | AE1: Columna30 | AF1: Columna31 | AG1: Columna32 | AH1: Columna33 | AI1: Columna34 | AJ1: Columna35 | AK1: Columna36 | AL1: Columna37 | AM1: Columna38 | AN1: Columna39 | AO1: Columna40
A2: INFORME DE TOPES DE PUNTOS ASIGNADOS POR CATEGORÍAS
A3: 2009 - 2026
A4: No. | B4: APELLIDOS Y NOMBRE | C4: CÉDULA DE CIUDADANÍA O EXTRANJERÍA | D4: DEPENDENCIA DIRECTA | E4: FACULTAD | F4: ESCOLARIDAD | G4: DEDICACIÓN | H4: FECHA DE INGRESO | I4: CATEGORÍA | J4: TOTAL PUNTOS A DICIEMBRE DE 2009 | K4: TOTAL PUNTOS A DICIEMBRE DE 2010 | L4: TOTAL PUNTOS A DICIEMBRE DE 2011 | M4: PUNTOS PRODUCT.ACADEM. 2012 | N4: PUNTOS PRODUCT.ACADEM. 2013 | O4: PUNTOS PRODUCT.ACADEM. 2014 | P4: PUNTOS PRODUCT.ACADEM. 2015 | Q4: PUNTOS PRODUCT.ACADEM. 2016 | R4: PUNTOS PRODUCT.ACADEM. DIC_2017 | S4: PUNTOS PRODUCT.ACADEM. DIC_2018 | T4: PUNTOS PRODUCT.ACADEM. DIC_2019 | U4: PUNTOS PRODUCT.ACADEM. DIC_2020 | V4: PUNTOS PRODUCT.ACADEM. DIC_2021 | W4: PUNTOS PRODUCT.ACADEM. DIC_2022 | X4: PUNTOS PRODUCT.ACADEM. ENE-DIC_2023 | Y4: PUNTOS PRODUCT.ACADEM. ENE-DIC_2024 | Z4: PUNTOS PRODUCT.ACADEM. ENE-DIC_2025 | AA4: TOPE | AB4: DIFERENCIA ENTRE EL TOPE Y EL PUNTAJE ASIGNADO | AC4: CIARP- 01 2026 18 Mar | AK4: PUNTOS A FAVOR | AL4: TOPE POR LIBROS (Max. 35 Puntos) | AM4: TOPE POR SOFTWARE (Max. 35 Puntos) | AN4: COMISION ACADÉMICO ADMINISTRATIVA | AO4: OBSERVACIÓN
A5: 1 | B5: BERMUDEZ RESTREPO CAROLINA | C5: 24606935 | D5: Administración de Negocios | E5: Ciencias Económicas | F5: Maestría | G5: TC | H5: 43864 | I5: Auxiliar | U5: 0 | V5: 0 | W5: 1.5 | X5: 3 | Y5: 0 | Z5: 0 | AA5: 80 | AB5: =AA5-(J5+K5+L5+M5+N5+O5+P5+Q5+R5+S5+T5+U5+V5+W5+X5+Y5+Z5) -> 75.5 | AK5: =AB5-AC5-AD5-AE5-AF5-AG5-AH5-AI5-AJ5 -> 75.5
A6: 2 | B6: GARCÍA GIRALDO CARLOS ANDRÉS | C6: 89007946 | D6: Administración de Negocios | E6: Ciencias Económicas | F6: Maestría | G6: TC | H6: 44963 | I6: Asistente | X6: 0 | Y6: 35 | Z6: 37.9 | AA6: 160 | AB6: =AA6-(J6+K6+L6+M6+N6+O6+P6+Q6+R6+S6+T6+U6+V6+W6+X6+Y6+Z6) -> 87.1 | AC6: =Pub_Rev_Index!X10+Pub_Rev_Index!X12 -> 11 | AK6: =AB6-AC6-AD6-AE6-AF6-AG6-AH6-AI6-AJ6 -> 76.1
A7: 3 | B7: GIRALDO CORREA MARÍA PATRICIA | C7: 24809412 | D7: Administración de Negocios | E7: Ciencias Económicas | F7: Doctorado | G7: TC | H7: Ago.08/2017 | I7: Asociado | S7: 12.2 | T7: 26.6 | U7: 8 | V7: 13.1 | W7: 1.5 | X7: 3 | Y7: 27.9 | Z7: 10 | AA7: 320 | AB7: =AA7-(J7+K7+L7+M7+N7+O7+P7+Q7+R7+S7+T7+U7+V7+W7+X7+Y7+Z7) -> 217.7 | AK7: =AB7-AC7-AD7-AE7-AF7-AG7-AH7-AI7-AJ7 -> 217.7 | AO7: Inició comisión académico-admon el 01/06/2023 como Directora del Programa de Administración de Negocios -Terminó Comisión el 19 de junio de 2025
A8: 4 | B8: GUZMAN DIAZ BEATRIZ ELENA | C8: 41935384 | D8: Administración de Negocios | E8: Ciencias Económicas | F8: Maestría | G8: TC | H8: 41436 | I8: Titular | O8: 10 | R8: 27 | S8: 8 | T8: 39 | U8: 8 | V8: 45.3 | W8: 24.5 | X8: 19.9 | Y8: 8 | Z8: 31 | AA8: 540 | AB8: =AA8-(J8+K8+L8+M8+N8+O8+P8+Q8+R8+S8+T8+U8+V8+W8+X8+Y8+Z8) -> 319.3 | AK8: =AB8-AC8-AD8-AE8-AF8-AG8-AH8-AI8-AJ8 -> 319.3
A9: 5 | B9: JARAMILLO LOTERO RAFAEL ALEXANDER | C9: 7558182 | D9: Administración de Negocios | E9: Ciencias Económicas | F9: Maestría | G9: TC | H9: 43864 | I9: Asistente | U9: 3 | V9: 0 | W9: 0 | X9: 0 | Y9: 30.9 | Z9: 9.9 | AA9: 160 | AB9: =AA9-(J9+K9+L9+M9+N9+O9+P9+Q9+R9+S9+T9+U9+V9+W9+X9+Y9+Z9) -> 116.2 | AK9: =AB9-AC9-AD9-AE9-AF9-AG9-AH9-AI9-AJ9 -> 116.2
A10: 6 | B10: PARRA HERNÁNDEZ RAMIRO | C10: 7557752 | D10: Administración de Negocios | E10: Ciencias Económicas | F10: Maestría | G10: TC | H10: 04/082008 | I10: Asociado | J10: 14.2 | K10: 12.5 | M10: 14.6 | N10: 3 | Q10: 3 | R10: 27 | S10: 8 | T10: 39 | U10: 8 | V10: 30.3 | W10: 0 | X10: 12.4 | Y10: 8 | Z10: 29 | AA10: 320 | AB10: =AA10-(J10+K10+L10+M10+N10+O10+P10+Q10+R10+S10+T10+U10+V10+W10+X10+Y10+Z10) -> 111 | AK10: =AB10-AC10-AD10-AE10-AF10-AG10-AH10-AI10-AJ10 -> 111
A11: 7 | B11: TORRES QUINTERO LAURA LICETH | C11: 1094947500 | D11: Administración de Negocios | E11: Ciencias Económicas | F11: Doctorado | G11: TC | H11: 44963 | I11: Auxiliar | X11: 0 | Y11: 0 | Z11: 0 | AA11: 80 | AB11: =AA11-(J11+K11+L11+M11+N11+O11+P11+Q11+R11+S11+T11+U11+V11+W11+X11+Y11+Z11) -> 80 | AK11: =AB11-AC11-AD11-AE11-AF11-AG11-AH11-AI11-AJ11 -> 80
A12: 8 | B12: ARRUBLA FRANCO MARIBETH | C12: 29332068 | D12: Administración Financiera | E12: Ciencias Económicas | F12: Doctorado | G12: TC | H12: 40203 | I12: Titular | L12: 30.1 | M12: 18.9 | R12: 6 | U12: 0 | V12: 13.5 | W12: 12.2 | X12: 36.4 | Y12: 11.3 | Z12: 12.4 | AA12: 540 | AB12: =AA12-(J12+K12+L12+M12+N12+O12+P12+Q12+R12+S12+T12+U12+V12+W12+X12+Y12+Z12) -> 399.2 | AK12: =AB12-AC12-AD12-AE12-AF12-AG12-AH12-AI12-AJ12 -> 399.2 | AN12: 12,4 puntos CIARP 7 29/10/2025 | AO12: Inició comisión académico-admon el 07/05/2025 como Directora del Programa de Administración Financiera
A13: 9 | B13: CAICEDO GONZÁLEZ IVONNE | C13: 29226257 | D13: Administración Financiera | E13: Ciencias Económicas | F13: Maestría | G13: TC | H13: 44963 | I13: Asociado | X13: 29.2 | Y13: 0 | Z13: 50 | AA13: 320 | AB13: =AA13-(J13+K13+L13+M13+N13+O13+P13+Q13+R13+S13+T13+U13+V13+W13+X13+Y13+Z13) -> 240.8 | AK13: =AB13-AC13-AD13-AE13-AF13-AG13-AH13-AI13-AJ13 -> 240.8
A14: 10 | B14: HOYOS WALTEROS HERNÁN | C14: 7554040 | D14: Administración Financiera | E14: Ciencias Económicas | F14: Maestría | G14: TC | H14: 39664 | I14: Titular | J14: 69.8 | Q14: 6.4 | R14: 29.2 | S14: 33.4 | T14: 35 | U14: 0 | V14: 40.5 | W14: 0 | X14: 0 | Y14: 12.3 | Z14: 43.7 | AA14: 540 | AB14: =AA14-(J14+K14+L14+M14+N14+O14+P14+Q14+R14+S14+T14+U14+V14+W14+X14+Y14+Z14) -> 269.7 | AK14: =AB14-AC14-AD14-AE14-AF14-AG14-AH14-AI14-AJ14 -> 269.7
A15: 11 | B15: ROMAN VALENCIA BERLY | C15: 41916725 | D15: Administración Financiera | E15: Ciencias Económicas | F15: Maestría | G15: TC | H15: 44963 | I15: Auxiliar | X15: 0 | Y15: 11.7 | Z15: 38 | AA15: 80 | AB15: =AA15-(J15+K15+L15+M15+N15+O15+P15+Q15+R15+S15+T15+U15+V15+W15+X15+Y15+Z15) -> 30.3 | AC15: =Pub_Rev_Index!X13 -> 8 | AK15: =AB15-AC15-AD15-AE15-AF15-AG15-AH15-AI15-AJ15 -> 22.3
A16: 12 | B16: CASTAÑEDA PATIÑO JUAN CARLOS | C16: 7551802 | D16: Artes Visuales | E16: Ciencias Humanas | F16: Doctorado | G16: TC | H16: 43951 | I16: Asistente | U16: 10.1 | V16: 15.9 | W16: 0 | X16: 0 | Y16: 0 | Z16: 0 | AA16: 160 | AB16: =AA16-(J16+K16+L16+M16+N16+O16+P16+Q16+R16+S16+T16+U16+V16+W16+X16+Y16+Z16) -> 134 | AK16: =AB16-AC16-AD16-AE16-AF16-AG16-AH16-AI16-AJ16 -> 134
A17: 13 | B17: GUTIÉRREZ MORENO MILDRED EUGENIA | C17: 41914131 | D17: Artes Visuales | E17: Ciencias Humanas | F17: Maestría | G17: TC | H17: 41872 | I17: Auxiliar | U17: 0 | V17: 0 | W17: 0 | X17: 0 | Y17: 0 | Z17: 0 | AA17: 80 | AB17: =AA17-(J17+K17+L17+M17+N17+O17+P17+Q17+R17+S17+T17+U17+V17+W17+X17+Y17+Z17) -> 80 | AK17: =AB17-AC17-AD17-AE17-AF17-AG17-AH17-AI17-AJ17 -> 80
A18: 14 | B18: MARTÍNEZ PLAZAS MARIO ANDRÉS | C18: 9727322 | D18: Artes Visuales | E18: Ciencias Humanas | F18: Maestría | G18: TC | H18: 44963 | I18: Auxiliar | X18: 3 | Y18: 0 | Z18: 0 | AA18: 80 | AB18: =AA18-(J18+K18+L18+M18+N18+O18+P18+Q18+R18+S18+T18+U18+V18+W18+X18+Y18+Z18) -> 77 | AK18: =AB18-AC18-AD18-AE18-AF18-AG18-AH18-AI18-AJ18 -> 77
A19: 15 | B19: AGUILLÓN OSMA JOHANNY | C19: 94287028 | D19: Biología | E19: Ciencias Básicas | F19: Doctorado | G19: TC | H19: 44966 | I19: Asistente | X19: 63.7 | Y19: 4 | Z19: 10 | AA19: 160 | AB19: =AA19-(J19+K19+L19+M19+N19+O19+P19+Q19+R19+S19+T19+U19+V19+W19+X19+Y19+Z19) -> 82.3 | AK19: =AB19-AC19-AD19-AE19-AF19-AG19-AH19-AI19-AJ19 -> 82.3
A20: 16 | B20: AGUIRRE OBANDO OSCAR ALEXANDER | C20: 9732828 | D20: Biología | E20: Ciencias Básicas | F20: Doctorado | G20: TC | H20: 43878 | I20: Asociado | U20: 45 | V20: 42.5 | W20: 7.5 | X20: 32 | Y20: 4 | Z20: 51 | AA20: 320 | AB20: =AA20-(J20+K20+L20+M20+N20+O20+P20+Q20+R20+S20+T20+U20+V20+W20+X20+Y20+Z20) -> 138 | AK20: =AB20-AC20-AD20-AE20-AF20-AG20-AH20-AI20-AJ20 -> 138
A21: 17 | B21: GARCIA CARDENAS DELLY ROCIO | C21: 66920157 | D21: Biología | E21: Ciencias Básicas | F21: Doctorado | G21: TC | H21: 39664 | I21: Asociado | J21: 15 | K21: 12 | M21: 21 | O21: 1.8 | R21: 12 | T21: 12 | U21: 0 | V21: 0 | W21: 0 | X21: 7.5 | Y21: 0 | Z21: 5 | AA21: 320 | AB21: =AA21-(J21+K21+L21+M21+N21+O21+P21+Q21+R21+S21+T21+U21+V21+W21+X21+Y21+Z21) -> 233.7 | AK21: =AB21-AC21-AD21-AE21-AF21-AG21-AH21-AI21-AJ21 -> 233.7
A22: 18 | B22: GARCÍA MERCHAN VICTOR HUGO | C22: 89006379 | D22: Biología | E22: Ciencias Básicas | F22: Doctorado | G22: TC | H22: 38140 | I22: Titular | J22: 2.9 | M22: 4 | O22: 33 | P22: 14.4 | Q22: 15 | R22: 18.8 | T22: 6.4 | U22: 41.3 | V22: 12.5 | W22: 3 | X22: 3.8 | Y22: 12 | Z22: 9 | AA22: 540 | AB22: =AA22-(J22+K22+L22+M22+N22+O22+P22+Q22+R22+S22+T22+U22+V22+W22+X22+Y22+Z22) -> 363.9 | AK22: =AB22-AC22-AD22-AE22-AF22-AG22-AH22-AI22-AJ22 -> 363.9
A23: 19 | B23: GIRALDO GARCÍA ALEJANDRA MARÍA | C23: 24675452 | D23: Biología | E23: Ciencias Básicas | F23: Maestría | G23: TC | H23: 42955 | I23: Asistente | R23: 56.7 | U23: 35.8 | V23: 0 | W23: 0 | X23: 0.6 | Y23: 0 | Z23: 0 | AA23: 160 | AB23: =AA23-(J23+K23+L23+M23+N23+O23+P23+Q23+R23+S23+T23+U23+V23+W23+X23+Y23+Z23) -> 66.9 | AK23: =AB23-AC23-AD23-AE23-AF23-AG23-AH23-AI23-AJ23 -> 66.9 | AN23: 0,6 puntos CIARP 5-05/06/23 | AO23: Inició comisión académico-admon el 03/05/2023 como Vicerrectora de Extensión
A24: 20 | B24: GÓMEZ MARÍN GERMÁN DARÍO | C24: 89006235 | D24: Biología | E24: Ciencias Básicas | F24: Maestría | G24: TC | H24: 45028 | I24: Asistente | X24: 17.8 | Y24: 0 | Z24: 18.7 | AA24: 160 | AB24: =AA24-(J24+K24+L24+M24+N24+O24+P24+Q24+R24+S24+T24+U24+V24+W24+X24+Y24+Z24) -> 123.5 | AK24: =AB24-AC24-AD24-AE24-AF24-AG24-AH24-AI24-AJ24 -> 123.5
A25: 21 | B25: LOANGO CHAMORRO NELSY | C25: 66736378 | D25: Biología | E25: Ciencias Básicas | F25: Doctorado | G25: TC | H25: 39153 | I25: Titular | J25: 37.2 | K25: 15 | L25: 17.3 | M25: 27 | N25: 34.5 | O25: 7.5 | P25: 6 | Q25: 6 | S25: 9.5 | T25: 6 | U25: 19.2 | V25: 0 | W25: 8 | X25: 5.5 | Y25: 4 | Z25: 10.4 | AA25: 540 | AB25: =AA25-(J25+K25+L25+M25+N25+O25+P25+Q25+R25+S25+T25+U25+V25+W25+X25+Y25+Z25) -> 326.9 | AK25: =AB25-AC25-AD25-AE25-AF25-AG25-AH25-AI25-AJ25 -> 326.9
A26: 22 | B26: LORA SUÁREZ FABIANA MARÍA | C26: 41935619 | D26: Biología | E26: Ciencias Básicas | F26: Doctorado | G26: TC | H26: 42955 | I26: Asistente | R26: 65.5 | S26: 15 | U26: 42.2 | V26: 22.5 | W26: 4 | X26: 5.5 | Y26: 5.3 | Z26: 0 | AA26: 160 | AB26: =AA26-(J26+K26+L26+M26+N26+O26+P26+Q26+R26+S26+T26+U26+V26+W26+X26+Y26+Z26) -> 0 | AK26: =AB26-AC26-AD26-AE26-AF26-AG26-AH26-AI26-AJ26 -> 0
A27: 23 | B27: MANTILLA MELUK HUGO | C27: 79400867 | D27: Biología | E27: Ciencias Básicas | F27: Doctorado | G27: TC | H27: 41492 | I27: Asistente | N27: 80 | O27: 30 | P27: 50 | U27: 0 | V27: 0 | W27: 0 | X27: 0 | Y27: 0 | Z27: 0 | AA27: 160 | AB27: =AA27-(J27+K27+L27+M27+N27+O27+P27+Q27+R27+S27+T27+U27+V27+W27+X27+Y27+Z27) -> 0 | AK27: =AB27-AC27-AD27-AE27-AF27-AG27-AH27-AI27-AJ27 -> 0
A28: 24 | B28: ROMAN VALENCIA CESAR | C28: 7535130 | D28: Biología | E28: Ciencias Básicas | F28: Doctorado | G28: TC | H28: 34178 | I28: Titular | J28: 303.5 | K28: 70.5 | L28: 81 | M28: 36 | N28: 22.5 | O28: 28.5 | U28: 0 | V28: 0 | W28: 0 | X28: 0 | Y28: 0 | Z28: 0 | AA28: 540 | AB28: =AA28-(J28+K28+L28+M28+N28+O28+P28+Q28+R28+S28+T28+U28+V28+W28+X28+Y28+Z28) -> -2 | AK28: =AB28-AC28-AD28-AE28-AF28-AG28-AH28-AI28-AJ28 -> -2
A29: 25 | B29: SEPÚLVEDA NIETO MARÍA DEL PILAR | C29: 41922237 | D29: Biología | E29: Ciencias Básicas | F29: Maestría | G29: TC | H29: 40203 | I29: Asistente | K29: 1.9 | O29: 3 | T29: 15.5 | U29: 6 | V29: 0 | W29: 0 | X29: 0 | Y29: 0 | Z29: 12 | AA29: 160 | AB29: =AA29-(J29+K29+L29+M29+N29+O29+P29+Q29+R29+S29+T29+U29+V29+W29+X29+Y29+Z29) -> 121.6 | AK29: =AB29-AC29-AD29-AE29-AF29-AG29-AH29-AI29-AJ29 -> 121.6
A30: 26 | B30: VALENCIA ROJAS MÓNICA PATRICIA | C30: 25283616 | D30: Biología | E30: Ciencias Básicas | F30: Doctorado | G30: TC | H30: 43864 | I30: Asociado | U30: 51 | V30: 0 | W30: 0 | X30: 0 | Y30: 0 | Z30: 0 | AA30: 320 | AB30: =AA30-(J30+K30+L30+M30+N30+O30+P30+Q30+R30+S30+T30+U30+V30+W30+X30+Y30+Z30) -> 269 | AK30: =AB30-AC30-AD30-AE30-AF30-AG30-AH30-AI30-AJ30 -> 269
A31: 27 | B31: VARGAS SALINAS FERNANDO | C31: 94378416 | D31: Biología | E31: Ciencias Básicas | F31: Doctorado | G31: TC | H31: 41436 | I31: Titular | N31: 74.7 | O31: 45.8 | P31: 36.3 | Q31: 30 | S31: 58.7 | T31: 34 | U31: 13.1 | V31: 27.4 | W31: 49.9 | X31: 20.2 | Y31: 56.6 | Z31: 55.2 | AA31: 540 | AB31: =AA31-(J31+K31+L31+M31+N31+O31+P31+Q31+R31+S31+T31+U31+V31+W31+X31+Y31+Z31) -> 38.1 | AK31: =AB31-AC31-AD31-AE31-AF31-AG31-AH31-AI31-AJ31 -> 38.1
A32: 28 | B32: CASTRO BENAVIDES LINA MARÍA | C32: 41942253 | D32: Ciencia de la Información y la Documentación, Bibliotecología y Archivística | E32: Ciencias Humanas | F32: Doctorado | G32: TC | H32: 41883 | I32: Asociado | O32: 12.7 | Q32: 57.8 | R32: 14.4 | S32: 11.5 | T32: 4 | U32: 0 | V32: 11.8 | W32: 0 | X32: 15.5 | Y32: 0 | Z32: 0 | AA32: 320 | AB32: =AA32-(J32+K32+L32+M32+N32+O32+P32+Q32+R32+S32+T32+U32+V32+W32+X32+Y32+Z32) -> 192.3 | AK32: =AB32-AC32-AD32-AE32-AF32-AG32-AH32-AI32-AJ32 -> 192.3
A33: 29 | B33: HERNÁNDEZ CARVAJAL ANDRÉS MAURICIO | C33: 1094878677 | D33: Ciencia de la Información y la Documentación, Bibliotecología y Archivística | E33: Ciencias Humanas | F33: Maestría | G33: TC | H33: 45091 | I33: Asistente | X33: 43.3 | Y33: 36.3 | Z33: 80.4 | AA33: 160 | AB33: =AA33-(J33+K33+L33+M33+N33+O33+P33+Q33+R33+S33+T33+U33+V33+W33+X33+Y33+Z33) -> 0 | AK33: =AB33-AC33-AD33-AE33-AF33-AG33-AH33-AI33-AJ33 -> 0
A34: 30 | B34: RAMÍREZ AGUDELO ANGÉLICA MARÍA | C34: 41955076 | D34: Ciencia de la Información y la Documentación, Bibliotecología y Archivística | E34: Ciencias Humanas | F34: Maestría | G34: TC | H34: 45078 | I34: Auxiliar | X34: 0 | Y34: 0 | Z34: 0 | AA34: 80 | AB34: =AA34-(J34+K34+L34+M34+N34+O34+P34+Q34+R34+S34+T34+U34+V34+W34+X34+Y34+Z34) -> 80 | AK34: =AB34-AC34-AD34-AE34-AF34-AG34-AH34-AI34-AJ34 -> 80
A35: 31 | B35: DIAZ ARENAS PEDRO FELIPE | C35: 75064983 | D35: Comunicación Social - Periodismo | E35: Ciencias Humanas | F35: Doctorado | G35: TC | H35: 40394 | I35: Titular | M35: 11.9 | N35: 15 | O35: 23 | P35: 8 | S35: 86.3 | T35: 4.7 | U35: 0 | V35: 8 | W35: 3 | X35: 1.5 | Y35: 0 | Z35: 23.9 | AA35: 540 | AB35: =AA35-(J35+K35+L35+M35+N35+O35+P35+Q35+R35+S35+T35+U35+V35+W35+X35+Y35+Z35) -> 354.7 | AK35: =AB35-AC35-AD35-AE35-AF35-AG35-AH35-AI35-AJ35 -> 354.7
A36: 32 | B36: GIRALDO MARIN LUCERO | C36: 25156982 | D36: Comunicación Social - Periodismo | E36: Ciencias Humanas | F36: Maestría | G36: TC | H36: 39664 | I36: Titular | J36: 13.5 | P36: 8 | Q36: 12 | R36: 3 | T36: 31.3 | U36: 0 | V36: 6.2 | W36: 16.7 | X36: 0 | Y36: 0 | Z36: 14.1 | AA36: 540 | AB36: =AA36-(J36+K36+L36+M36+N36+O36+P36+Q36+R36+S36+T36+U36+V36+W36+X36+Y36+Z36) -> 435.2 | AK36: =AB36-AC36-AD36-AE36-AF36-AG36-AH36-AI36-AJ36 -> 435.2
A37: 33 | B37: GRANADOS MORENO WILSON HORACIO | C37: 70081587 | D37: Comunicación Social - Periodismo | E37: Ciencias Humanas | F37: Doctorado | G37: TC | H37: 34171 | I37: Titular | J37: 63.9 | U37: 0 | V37: 0 | W37: 0 | X37: 0 | Y37: 0 | Z37: 0 | AA37: 540 | AB37: =AA37-(J37+K37+L37+M37+N37+O37+P37+Q37+R37+S37+T37+U37+V37+W37+X37+Y37+Z37) -> 476.1 | AK37: =AB37-AC37-AD37-AE37-AF37-AG37-AH37-AI37-AJ37 -> 476.1
A38: 34 | B38: LEAL LARRARTE SANDRA ADRIANA | C38: 52070041 | D38: Comunicación Social - Periodismo | E38: Ciencias Humanas | F38: Doctorado | G38: TC | H38: 38800 | I38: Titular | J38: 12 | L38: 21.1 | O38: 13.7 | P38: 12 | Q38: 12 | R38: 6 | S38: 25.4 | T38: 28.1 | U38: 0 | V38: 3.2 | W38: 35 | X38: 0 | Y38: 27 | Z38: 0 | AA38: 540 | AB38: =AA38-(J38+K38+L38+M38+N38+O38+P38+Q38+R38+S38+T38+U38+V38+W38+X38+Y38+Z38) -> 344.5 | AK38: =AB38-AC38-AD38-AE38-AF38-AG38-AH38-AI38-AJ38 -> 344.5
A39: 35 | B39: LOZANO BOTACHE JORGE PRUDENCIO | C39: 93357542 | D39: Comunicación Social - Periodismo | E39: Ciencias Humanas | F39: Doctorado | G39: TC | H39: 41673 | I39: Titular | O39: 26.4 | Q39: 6 | T39: 29.1 | U39: 0 | V39: 0 | W39: 18.5 | X39: 0 | Y39: 0 | Z39: 14.1 | AA39: 540 | AB39: =AA39-(J39+K39+L39+M39+N39+O39+P39+Q39+R39+S39+T39+U39+V39+W39+X39+Y39+Z39) -> 445.9 | AK39: =AB39-AC39-AD39-AE39-AF39-AG39-AH39-AI39-AJ39 -> 445.9
A40: 36 | B40: MEJÍA ESCOBAR BIBIANA MAGALY | C40: 25213746 | D40: Comunicación Social - Periodismo | E40: Ciencias Humanas | F40: Doctorado | G40: TC | H40: 42955 | I40: Asociado | R40: 16.1 | T40: 16.6 | U40: 0 | V40: 3 | W40: 0 | X40: 0 | Y40: 0 | Z40: 0 | AA40: 320 | AB40: =AA40-(J40+K40+L40+M40+N40+O40+P40+Q40+R40+S40+T40+U40+V40+W40+X40+Y40+Z40) -> 284.3 | AK40: =AB40-AC40-AD40-AE40-AF40-AG40-AH40-AI40-AJ40 -> 284.3
A41: 37 | B41: URREA GIRALDO JORGE EDUARDO | C41: 89004182 | D41: Comunicación Social - Periodismo | E41: Ciencias Humanas | F41: Doctorado | G41: TC | H41: 44963 | I41: Asistente | X41: 57.4 | Y41: 36.3 | Z41: 66.3 | AA41: 160 | AB41: =AA41-(J41+K41+L41+M41+N41+O41+P41+Q41+R41+S41+T41+U41+V41+W41+X41+Y41+Z41) -> 0 | AK41: =AB41-AC41-AD41-AE41-AF41-AG41-AH41-AI41-AJ41 -> 0
A42: 38 | B42: VEJARANO BOLÍVAR RICARDO ALONSO | C42: 89009806 | D42: Comunicación Social - Periodismo | E42: Ciencias Humanas | F42: Maestría | G42: TC | H42: 40394 | I42: Asistente | R42: 5.8 | U42: 0 | V42: 0 | W42: 15 | X42: 7 | Y42: 0 | Z42: 0 | AA42: 160 | AB42: =AA42-(J42+K42+L42+M42+N42+O42+P42+Q42+R42+S42+T42+U42+V42+W42+X42+Y42+Z42) -> 132.2 | AK42: =AB42-AC42-AD42-AE42-AF42-AG42-AH42-AI42-AJ42 -> 132.2
A43: 39 | B43: ARANGO MEDINA DEICY | C43: 41913187 | D43: Contaduría Pública | E43: Ciencias Económicas | F43: Maestría | G43: TC | H43: 42955 | I43: Asociado | R43: 75 | S43: 62.7 | T43: 22.3 | U43: 0 | V43: 0 | W43: 0 | X43: 9.8 | Y43: 16.2 | Z43: 11.5 | AA43: 320 | AB43: =AA43-(J43+K43+L43+M43+N43+O43+P43+Q43+R43+S43+T43+U43+V43+W43+X43+Y43+Z43) -> 122.5 | AK43: =AB43-AC43-AD43-AE43-AF43-AG43-AH43-AI43-AJ43 -> 122.5
A44: 40 | B44: BOTERO VILLA JUAN JOSÉ | C44: 7542144 | D44: Contaduría Pública | E44: Ciencias Económicas | F44: Maestría | G44: TC | H44: 39829 | I44: Asociado | J44: 53.8 | L44: 14.8 | N44: 3 | O44: 15 | P44: 12 | R44: 19.2 | S44: 3 | U44: 0 | V44: 14.3 | W44: 0 | X44: 11.9 | Y44: 0 | Z44: 0 | AA44: 320 | AB44: =AA44-(J44+K44+L44+M44+N44+O44+P44+Q44+R44+S44+T44+U44+V44+W44+X44+Y44+Z44) -> 173 | AK44: =AB44-AC44-AD44-AE44-AF44-AG44-AH44-AI44-AJ44 -> 173
A45: 41 | B45: CABAL CRUZ CLAUDIA CONSTANZA | C45: 41943016 | D45: Contaduría Pública | E45: Ciencias Económicas | F45: Doctorado | G45: TC | H45: 39328 | I45: Asociado | J45: 204 | K45: 28.3 | U45: 0 | V45: 0 | W45: 0 | X45: 0 | Y45: 0 | Z45: 0 | AA45: 320 | AB45: =AA45-(J45+K45+L45+M45+N45+O45+P45+Q45+R45+S45+T45+U45+V45+W45+X45+Y45+Z45) -> 87.7 | AK45: =AB45-AC45-AD45-AE45-AF45-AG45-AH45-AI45-AJ45 -> 87.7
A46: 42 | B46: CATAÑO CASTRO FRANKLIN | C46: 18390106 | D46: Contaduría Pública | E46: Ciencias Económicas | F46: Maestría | G46: TC | H46: 43864 | I46: Asociado | U46: 25.6 | V46: 0 | W46: 0 | X46: 0 | Y46: 11.3 | Z46: 0 | AA46: 320 | AB46: =AA46-(J46+K46+L46+M46+N46+O46+P46+Q46+R46+S46+T46+U46+V46+W46+X46+Y46+Z46) -> 283.1 | AK46: =AB46-AC46-AD46-AE46-AF46-AG46-AH46-AI46-AJ46 -> 283.1
A47: 43 | B47: CEBALLOS RINCON OLGA INÉS | C47: 24580502 | D47: Contaduría Pública | E47: Ciencias Económicas | F47: Maestría | G47: TC | H47: 42955 | I47: Asociado | R47: 47.5 | S47: 47.6 | U47: 24.4 | V47: 12.1 | W47: 3 | X47: 22.7 | Y47: 15.9 | Z47: 28.1 | AA47: 320 | AB47: =AA47-(J47+K47+L47+M47+N47+O47+P47+Q47+R47+S47+T47+U47+V47+W47+X47+Y47+Z47) -> 118.7 | AK47: =AB47-AC47-AD47-AE47-AF47-AG47-AH47-AI47-AJ47 -> 118.7
A48: 44 | B48: DIAZ CRUZ MARÍA CONSTANZA | C48: 24580998 | D48: Contaduría Pública | E48: Ciencias Económicas | F48: Maestría | G48: TC | H48: 39664 | I48: Asociado | J48: 76.4 | K48: 12.5 | M48: 14.6 | O48: 12 | U48: 0 | V48: 0 | W48: 0 | X48: 12.4 | Y48: 0 | Z48: 14.5 | AA48: 320 | AB48: =AA48-(J48+K48+L48+M48+N48+O48+P48+Q48+R48+S48+T48+U48+V48+W48+X48+Y48+Z48) -> 177.6 | AK48: =AB48-AC48-AD48-AE48-AF48-AG48-AH48-AI48-AJ48 -> 177.6
A49: 45 | B49: DONNEYS BELTRAN OMAR ALBERTO | C49: 7528464 | D49: Contaduría Pública | E49: Ciencias Económicas | F49: Maestría | G49: TC | H49: 34609 | I49: Asociado | J49: 222.1 | K49: 28.3 | U49: 0 | V49: 0 | W49: 0 | X49: 0 | Y49: 0 | Z49: 0 | AA49: 320 | AB49: =AA49-(J49+K49+L49+M49+N49+O49+P49+Q49+R49+S49+T49+U49+V49+W49+X49+Y49+Z49) -> 69.6 | AK49: =AB49-AC49-AD49-AE49-AF49-AG49-AH49-AI49-AJ49 -> 69.6
A50: 46 | B50: FAJARDO CALDERON CONSTANZA L. | C50: 24573858 | D50: Contaduría Pública | E50: Ciencias Económicas | F50: Maestría | G50: TC | H50: 34375 | I50: Titular | J50: 136 | K50: 28.3 | L50: 15.4 | M50: 40.5 | N50: 30.4 | O50: 8 | P50: 26.3 | R50: 12 | S50: 35 | T50: 12.9 | U50: 0 | V50: 29 | W50: 27.2 | X50: 38 | Y50: 24.3 | Z50: 34.9 | AA50: 540 | AB50: =AA50-(J50+K50+L50+M50+N50+O50+P50+Q50+R50+S50+T50+U50+V50+W50+X50+Y50+Z50) -> 41.8 | AC50: =Libro_Ensayo!S3 -> 10.425 | AK50: =AB50-AC50-AD50-AE50-AF50-AG50-AH50-AI50-AJ50 -> 31.375
A51: 47 | B51: GIRALDO DE ROJAS MARTHA CECILIA | C51: 29327038 | D51: Contaduría Pública | E51: Ciencias Económicas | F51: Maestría | G51: TC | H51: 42955 | I51: Asociado | R51: 34.6 | S51: 13.5 | U51: 14.3 | V51: 27.9 | W51: 0 | X51: 0 | Y51: 0 | Z51: 0 | AA51: 320 | AB51: =AA51-(J51+K51+L51+M51+N51+O51+P51+Q51+R51+S51+T51+U51+V51+W51+X51+Y51+Z51) -> 229.7 | AK51: =AB51-AC51-AD51-AE51-AF51-AG51-AH51-AI51-AJ51 -> 229.7 | AO51: Inició comisión académico-admon el 01/06/2023 como Directora del Programa de Contaduría Pública. Terminó Comisión el 19 de junio de 2025.
A52: 48 | B52: LÓPEZ CASTAÑEDA LINA MARÍA | C52: 41935858 | D52: Contaduría Pública | E52: Ciencias Económicas | F52: Maestría | G52: TC | H52: 40947 | I52: Asociado | M52: 21.4 | S52: 12.4 | U52: 0 | V52: 14.4 | W52: 0 | X52: 0 | Y52: 0 | Z52: 13.7 | AA52: 320 | AB52: =AA52-(J52+K52+L52+M52+N52+O52+P52+Q52+R52+S52+T52+U52+V52+W52+X52+Y52+Z52) -> 258.1 | AK52: =AB52-AC52-AD52-AE52-AF52-AG52-AH52-AI52-AJ52 -> 258.1
A53: 49 | B53: MEJÍA CASTELLANOS LUZ AMPARO | C53: 41913005 | D53: Contaduría Pública | E53: Ciencias Económicas | F53: Maestría | G53: TC | H53: 42955 | I53: Asociado | R53: 14.3 | S53: 24 | T53: 12.9 | U53: 35 | V53: 11.8 | W53: 17.3 | X53: 22.7 | Y53: 38 | Z53: 34.2 | AA53: 320 | AB53: =AA53-(J53+K53+L53+M53+N53+O53+P53+Q53+R53+S53+T53+U53+V53+W53+X53+Y53+Z53) -> 109.8 | AK53: =AB53-AC53-AD53-AE53-AF53-AG53-AH53-AI53-AJ53 -> 109.8
A54: 50 | B54: MEJÍA SOTO EUTIMIO | C54: 89000779 | D54: Contaduría Pública | E54: Ciencias Económicas | F54: Doctorado | G54: TC | H54: 38775 | I54: Titular | J54: 757.3 | U54: 0 | V54: 0 | W54: 0 | X54: 0 | Y54: 0 | Z54: 0 | AA54: 540 | AB54: =AA54-(J54+K54+L54+M54+N54+O54+P54+Q54+R54+S54+T54+U54+V54+W54+X54+Y54+Z54) -> -217.3 | AK54: =AB54-AC54-AD54-AE54-AF54-AG54-AH54-AI54-AJ54 -> -217.3
A55: 51 | B55: RAMÍREZ LOZANO JAMES | C55: 18385247 | D55: Contaduría Pública | E55: Ciencias Económicas | F55: Maestría | G55: TC | H55: 38040 | I55: Titular | J55: 132.5 | M55: 11 | O55: 35 | Q55: 26.8 | S55: 12.4 | U55: 0 | V55: 0 | W55: 28.6 | X55: 0 | Y55: 0 | Z55: 0 | AA55: 540 | AB55: =AA55-(J55+K55+L55+M55+N55+O55+P55+Q55+R55+S55+T55+U55+V55+W55+X55+Y55+Z55) -> 293.7 | AK55: =AB55-AC55-AD55-AE55-AF55-AG55-AH55-AI55-AJ55 -> 293.7
A56: 52 | B56: RAMÌREZ OSORIO JORGE HUMBERTO | C56: 7537804 | D56: Contaduría Pública | E56: Ciencias Económicas | F56: Doctorado | G56: TC | H56: 39664 | I56: Titular | J56: 73.6 | L56: 26.7 | M56: 25.7 | P56: 3 | R56: 15 | S56: 42.6 | T56: 35 | U56: 0 | V56: 26.3 | W56: 0 | X56: 0 | Y56: 15.3 | Z56: 30 | AA56: 540 | AB56: =AA56-(J56+K56+L56+M56+N56+O56+P56+Q56+R56+S56+T56+U56+V56+W56+X56+Y56+Z56) -> 246.8 | AK56: =AB56-AC56-AD56-AE56-AF56-AG56-AH56-AI56-AJ56 -> 246.8
A57: 53 | B57: ROMERO RESTREPO MIRYAM | C57: 24478396 | D57: Contaduría Pública | E57: Ciencias Económicas | F57: Especialización | G57: TC | H57: 35828 | I57: Titular | J57: 43.2 | L57: 15.4 | M57: 20.4 | N57: 11.6 | Q57: 9.4 | U57: 0 | V57: 3 | W57: 14.3 | X57: 0 | Y57: 0 | Z57: 0 | AA57: 540 | AB57: =AA57-(J57+K57+L57+M57+N57+O57+P57+Q57+R57+S57+T57+U57+V57+W57+X57+Y57+Z57) -> 422.7 | AK57: =AB57-AC57-AD57-AE57-AF57-AG57-AH57-AI57-AJ57 -> 422.7
A58: 54 | B58: SIERRA PRIETO REYNALDO | C58: 328307 | D58: Contaduría Pública | E58: Ciencias Económicas | F58: Maestría | G58: TC | H58: 35828 | I58: Asistente | J58: 3 | S58: 13.4 | U58: 14 | V58: 0 | W58: 0 | X58: 0 | Y58: 0 | Z58: 0 | AA58: 160 | AB58: =AA58-(J58+K58+L58+M58+N58+O58+P58+Q58+R58+S58+T58+U58+V58+W58+X58+Y58+Z58) -> 129.6 | AK58: =AB58-AC58-AD58-AE58-AF58-AG58-AH58-AI58-AJ58 -> 129.6 | AN58: 21 puntos CIARP 9-16/06/22 | AO58: Inició comisión académico-admon el 01/06/2023 como Decano de la Facultad de Ciencias Economicas // Estaba en comisión Academico-Admon como Jefe de Planeación desde el 16/06/2015 - Pendiente 21 puntos por ascenso 2022.
A59: 55 | B59: TARAPUEZ CHAMORRO EDWIN IGNACIO | C59: 98380743 | D59: Contaduría Pública | E59: Ciencias Económicas | F59: Doctorado | G59: TC | H59: 38775 | I59: Titular | J59: 180.1 | L59: 3 | M59: 20.4 | N59: 17.1 | O59: 12 | P59: 15 | Q59: 11 | R59: 54 | S59: 29.9 | T59: 76.6 | U59: 16 | V59: 39 | W59: 27.5 | X59: 19.9 | Y59: 14 | Z59: 4.5 | AA59: 540 | AB59: =AA59-(J59+K59+L59+M59+N59+O59+P59+Q59+R59+S59+T59+U59+V59+W59+X59+Y59+Z59) -> 0 | AK59: =AB59-AC59-AD59-AE59-AF59-AG59-AH59-AI59-AJ59 -> 0
A60: 56 | B60: TORRES CASTAÑO ANA GLADYS | C60: 42086202 | D60: Contaduría Pública | E60: Ciencias Económicas | F60: Maestría | G60: TC | H60: 42955 | I60: Asociado | R60: 157.1 | S60: 2.9 | U60: 0 | V60: 29 | W60: 27.2 | X60: 38 | Y60: 24.3 | Z60: 0 | AA60: 320 | AB60: =AA60-(J60+K60+L60+M60+N60+O60+P60+Q60+R60+S60+T60+U60+V60+W60+X60+Y60+Z60) -> 41.5 | AK60: =AB60-AC60-AD60-AE60-AF60-AG60-AH60-AI60-AJ60 -> 41.5
A61: 57 | B61: VÉLEZ RAMÍREZ RUBÉN ANTONIO | C61: 9728326 | D61: Contaduría Pública | E61: Ciencias Económicas | F61: Maestría | G61: TC | H61: 44963 | I61: Asistente | X61: 12.9 | Y61: 0 | Z61: 31.2 | AA61: 160 | AB61: =AA61-(J61+K61+L61+M61+N61+O61+P61+Q61+R61+S61+T61+U61+V61+W61+X61+Y61+Z61) -> 115.9 | AK61: =AB61-AC61-AD61-AE61-AF61-AG61-AH61-AI61-AJ61 -> 115.9
A62: 58 | B62: ARISTIZÁBAL TORO ANDRÉS FELIPE | C62: 1094914627 | D62: Economía | E62: Ciencias Económicas | F62: Maestría | G62: TC | H62: 45328 | I62: Asistente | Y62: 12 | Z62: 12 | AA62: 160 | AB62: =AA62-(J62+K62+L62+M62+N62+O62+P62+Q62+R62+S62+T62+U62+V62+W62+X62+Y62+Z62) -> 136 | AK62: =AB62-AC62-AD62-AE62-AF62-AG62-AH62-AI62-AJ62 -> 136
A63: 59 | B63: CASTRO DÍAZ ALEXANDER | C63: 89000647 | D63: Economía | E63: Ciencias Económicas | F63: Maestría | G63: TC | H63: 44963 | I63: Asistente | X63: 0 | Y63: 28.2 | Z63: 13.4 | AA63: 160 | AB63: =AA63-(J63+K63+L63+M63+N63+O63+P63+Q63+R63+S63+T63+U63+V63+W63+X63+Y63+Z63) -> 118.4 | AC63: =Pub_Rev_Index!X9 -> 3 | AK63: =AB63-AC63-AD63-AE63-AF63-AG63-AH63-AI63-AJ63 -> 115.4
A64: 60 | B64: CORREA VALENCIA CARLOS IVÁN | C64: 7523648 | D64: Economía | E64: Ciencias Económicas | F64: Maestría | G64: TC | H64: 40392 | I64: Asociado | K64: 46.9 | L64: 8.9 | M64: 11 | O64: 35 | S64: 4 | T64: 7.2 | U64: 0 | V64: 0 | W64: 3 | X64: 0 | Y64: 13.5 | Z64: 0 | AA64: 320 | AB64: =AA64-(J64+K64+L64+M64+N64+O64+P64+Q64+R64+S64+T64+U64+V64+W64+X64+Y64+Z64) -> 190.5 | AK64: =AB64-AC64-AD64-AE64-AF64-AG64-AH64-AI64-AJ64 -> 190.5
A65: 61 | B65: FLÓREZ LAISECA ADRIANA MARÍA | C65: 36310363 | D65: Economía | E65: Ciencias Económicas | F65: Maestría | G65: TC | H65: 42955 | I65: Asociado | R65: 11 | S65: 8 | T65: 41.6 | U65: 8 | V65: 11.6 | W65: 0 | X65: 0 | Y65: 0 | Z65: 46 | AA65: 320 | AB65: =AA65-(J65+K65+L65+M65+N65+O65+P65+Q65+R65+S65+T65+U65+V65+W65+X65+Y65+Z65) -> 193.8 | AK65: =AB65-AC65-AD65-AE65-AF65-AG65-AH65-AI65-AJ65 -> 193.8 | AN65: 12 puntos CIARP 5-17/07/25 20 puntos CIARP 6-29/08/25 14 puntos CIARP 7-29/10/25 | AO65: Inició comisión académico-admon el 01/06/2023 como Directora del Programa de Economía
A66: 62 | B66: RESTREPO PATIÑO MEDARDO DE JESÚS | C66: 15435040 | D66: Economía | E66: Ciencias Económicas | F66: Doctorado | G66: TC | H66: 41872 | I66: Asociado | O66: 11.6 | U66: 0 | V66: 0 | W66: 0 | X66: 0 | Y66: 0 | Z66: 7.5 | AA66: 320 | AB66: =AA66-(J66+K66+L66+M66+N66+O66+P66+Q66+R66+S66+T66+U66+V66+W66+X66+Y66+Z66) -> 300.9 | AK66: =AB66-AC66-AD66-AE66-AF66-AG66-AH66-AI66-AJ66 -> 300.9
A67: 63 | B67: TRUJILLO OSORIO CATALINA | C67: 52353956 | D67: Economía | E67: Ciencias Económicas | F67: Maestría | G67: TC | H67: 41872 | I67: Asistente | O67: 15 | Q67: 10.4 | R67: 8 | S67: 12 | T67: 15.2 | U67: 0 | V67: 0 | W67: 0 | X67: 0 | Y67: 0 | Z67: 0 | AA67: 160 | AB67: =AA67-(J67+K67+L67+M67+N67+O67+P67+Q67+R67+S67+T67+U67+V67+W67+X67+Y67+Z67) -> 99.4 | AK67: =AB67-AC67-AD67-AE67-AF67-AG67-AH67-AI67-AJ67 -> 99.4
A68: 64 | B68: CORREA SUÁREZ GLORIA MARCELA | C68: 30399579 | D68: Enfermería | E68: Ciencias de la Salud | F68: Maestría | G68: TC | H68: 42955 | I68: Auxiliar | S68: 1.5 | U68: 0 | V68: 0 | W68: 0 | X68: 0 | Y68: 0 | Z68: 0 | AA68: 80 | AB68: =AA68-(J68+K68+L68+M68+N68+O68+P68+Q68+R68+S68+T68+U68+V68+W68+X68+Y68+Z68) -> 78.5 | AK68: =AB68-AC68-AD68-AE68-AF68-AG68-AH68-AI68-AJ68 -> 78.5
A69: 65 | B69: CORTES GALLEGO MÓNICA MARÍA | C69: 38794076 | D69: Enfermería | E69: Ciencias de la Salud | F69: Doctorado | G69: TC | H69: 44966 | I69: Auxiliar | X69: 8 | Y69: 10.3 | Z69: 0 | AA69: 80 | AB69: =AA69-(J69+K69+L69+M69+N69+O69+P69+Q69+R69+S69+T69+U69+V69+W69+X69+Y69+Z69) -> 61.7 | AK69: =AB69-AC69-AD69-AE69-AF69-AG69-AH69-AI69-AJ69 -> 61.7
A70: 66 | B70: ESCOBAR ESCOBAR MARÍA BEATRIZ | C70: 30320098 | D70: Enfermería | E70: Ciencias de la Salud | F70: Doctorado | G70: TC | H70: 43864 | I70: Asociado | U70: 15 | V70: 3 | W70: 0 | X70: 15.7 | Y70: 12 | Z70: 6 | AA70: 320 | AB70: =AA70-(J70+K70+L70+M70+N70+O70+P70+Q70+R70+S70+T70+U70+V70+W70+X70+Y70+Z70) -> 268.3 | AC70: =+Pub_Rev_Index!X22 -> 8 | AK70: =AB70-AC70-AD70-AE70-AF70-AG70-AH70-AI70-AJ70 -> 260.3
A71: 67 | B71: FERNÁNDEZ RINCÓN CARMEN AYDÉ | C71: 51802215 | D71: Enfermería | E71: Ciencias de la Salud | F71: Doctorado | G71: TC | H71: 40947 | I71: Titular | M71: 12.2 | P71: 18.9 | Q71: 35.6 | S71: 16 | T71: 15 | U71: 15 | V71: 0 | W71: 0 | X71: 0 | Y71: 4 | Z71: 6 | AA71: 540 | AB71: =AA71-(J71+K71+L71+M71+N71+O71+P71+Q71+R71+S71+T71+U71+V71+W71+X71+Y71+Z71) -> 417.3 | AK71: =AB71-AC71-AD71-AE71-AF71-AG71-AH71-AI71-AJ71 -> 417.3
A72: 68 | B72: HENAO BURITICÁ ADIELA | C72: 24571354 | D72: Enfermería | E72: Ciencias de la Salud | F72: Maestría | G72: TC | H72: 40947 | I72: Asociado | P72: 1.5 | Q72: 5.6 | R72: 10.2 | T72: 12 | U72: 0 | V72: 0 | W72: 0 | X72: 0 | Y72: 4 | Z72: 9 | AA72: 320 | AB72: =AA72-(J72+K72+L72+M72+N72+O72+P72+Q72+R72+S72+T72+U72+V72+W72+X72+Y72+Z72) -> 277.7 | AK72: =AB72-AC72-AD72-AE72-AF72-AG72-AH72-AI72-AJ72 -> 277.7
A73: 69 | B73: LONDOÑO BURITICÁ DIANA PATRICIA | C73: 24341881 | D73: Enfermería | E73: Ciencias de la Salud | F73: Maestría | G73: TC | H73: 40963 | I73: Auxiliar | M73: 0.9 | Q73: 3 | U73: 0 | V73: 3 | W73: 1.6 | X73: 0 | Y73: 0 | Z73: 0 | AA73: 80 | AB73: =AA73-(J73+K73+L73+M73+N73+O73+P73+Q73+R73+S73+T73+U73+V73+W73+X73+Y73+Z73) -> 71.5 | AK73: =AB73-AC73-AD73-AE73-AF73-AG73-AH73-AI73-AJ73 -> 71.5
A74: 70 | B74: MONDRAGÓN SÁNCHEZ EDNA JOHANA | C74: 1094897168 | D74: Enfermería | E74: Ciencias de la Salud | F74: Doctorado | G74: TC | H74: 42955 | I74: Asistente | R74: 9 | U74: 0 | V74: 2.6 | W74: 12.3 | X74: 39 | Y74: 1.3 | Z74: 3.8 | AA74: 160 | AB74: =AA74-(J74+K74+L74+M74+N74+O74+P74+Q74+R74+S74+T74+U74+V74+W74+X74+Y74+Z74) -> 92 | AK74: =AB74-AC74-AD74-AE74-AF74-AG74-AH74-AI74-AJ74 -> 92
A75: 71 | B75: PEREZ SAAVEDRA ANA PATRICIA | C75: 46373917 | D75: Enfermería | E75: Ciencias de la Salud | F75: Maestría | G75: TC | H75: 43864 | I75: Asistente | U75: 9 | V75: 0 | W75: 0 | X75: 0 | Y75: 1.3 | Z75: 10 | AA75: 160 | AB75: =AA75-(J75+K75+L75+M75+N75+O75+P75+Q75+R75+S75+T75+U75+V75+W75+X75+Y75+Z75) -> 139.7 | AK75: =AB75-AC75-AD75-AE75-AF75-AG75-AH75-AI75-AJ75 -> 139.7
A76: 72 | B76: MOLINA ZAPATA JORGE ELIÉCER | C76: 18467629 | D76: Filosofía | E76: Ciencias Humanas | F76: Doctorado | G76: TC | H76: 44963 | I76: Auxiliar | X76: 7 | Y76: 0 | Z76: 0 | AA76: 80 | AB76: =AA76-(J76+K76+L76+M76+N76+O76+P76+Q76+R76+S76+T76+U76+V76+W76+X76+Y76+Z76) -> 73 | AK76: =AB76-AC76-AD76-AE76-AF76-AG76-AH76-AI76-AJ76 -> 73
A77: 73 | B77: OCAMPO SEPÚLVEDA GABRIEL | C77: 7549216 | D77: Filosofía | E77: Ciencias Humanas | F77: Doctorado | G77: TC | H77: 42955 | I77: Asociado | R77: 3 | S77: 22.4 | T77: 6.8 | U77: 0 | V77: 0 | W77: 0 | X77: 0 | Y77: 0 | Z77: 0 | AA77: 320 | AB77: =AA77-(J77+K77+L77+M77+N77+O77+P77+Q77+R77+S77+T77+U77+V77+W77+X77+Y77+Z77) -> 287.8 | AK77: =AB77-AC77-AD77-AE77-AF77-AG77-AH77-AI77-AJ77 -> 287.8
A78: 74 | B78: POSADA RAMIREZ JORGE GREGORIO | C78: 75079420 | D78: Filosofía | E78: Ciencias Humanas | F78: Doctorado | G78: TC | H78: 04808/2008 | I78: Asociado | J78: 24.3 | L78: 23 | N78: 12 | O78: 23 | P78: 23 | Q78: 19.2 | R78: 27 | S78: 43 | T78: 6.8 | U78: 0 | V78: 0 | W78: 0 | X78: 0 | Y78: 0 | Z78: 0 | AA78: 320 | AB78: =AA78-(J78+K78+L78+M78+N78+O78+P78+Q78+R78+S78+T78+U78+V78+W78+X78+Y78+Z78) -> 118.7 | AK78: =AB78-AC78-AD78-AE78-AF78-AG78-AH78-AI78-AJ78 -> 118.7
A79: 75 | B79: SANCHEZ JOSE REINEL | C79: 7521214 | D79: Filosofía | E79: Ciencias Humanas | F79: Doctorado | G79: TC | H79: 35828 | I79: Titular | J79: 18 | Q79: 7.2 | S79: 19.4 | U79: 0 | V79: 14.9 | W79: 13.1 | X79: 0 | Y79: 14.6 | Z79: 0 | AA79: 540 | AB79: =AA79-(J79+K79+L79+M79+N79+O79+P79+Q79+R79+S79+T79+U79+V79+W79+X79+Y79+Z79) -> 452.8 | AK79: =AB79-AC79-AD79-AE79-AF79-AG79-AH79-AI79-AJ79 -> 452.8
A80: 76 | B80: VÉLEZ ISYS | C80: 33816860 | D80: Filosofía | E80: Ciencias Humanas | F80: Maestría | G80: TC | H80: 41436 | I80: Asociado | N80: 12 | U80: 0 | V80: 0 | W80: 0 | X80: 0 | Y80: 0 | Z80: 0 | AA80: 320 | AB80: =AA80-(J80+K80+L80+M80+N80+O80+P80+Q80+R80+S80+T80+U80+V80+W80+X80+Y80+Z80) -> 308 | AK80: =AB80-AC80-AD80-AE80-AF80-AG80-AH80-AI80-AJ80 -> 308
A81: 77 | B81: BASTO GONZÁLEZ VÍCTOR SAUL | C81: 91499439 | D81: Física | E81: Ciencias Básicas | F81: Doctorado | G81: TC | H81: 44963 | I81: Asistente | X81: 19.5 | Y81: 0 | Z81: 0 | AA81: 160 | AB81: =AA81-(J81+K81+L81+M81+N81+O81+P81+Q81+R81+S81+T81+U81+V81+W81+X81+Y81+Z81) -> 140.5 | AK81: =AB81-AC81-AD81-AE81-AF81-AG81-AH81-AI81-AJ81 -> 140.5
A82: 78 | B82: CARMONA TABARES PAULO CÉSAR | C82: 89005929 | D82: Física | E82: Ciencias Básicas | F82: Doctorado | G82: TC | H82: 38376 | I82: Asociado | J82: 64.7 | M82: 12 | O82: 15 | S82: 45.2 | T82: 27.7 | U82: 0 | V82: 16 | W82: 0 | X82: 0 | Y82: 8 | Z82: 4 | AA82: 320 | AB82: =AA82-(J82+K82+L82+M82+N82+O82+P82+Q82+R82+S82+T82+U82+V82+W82+X82+Y82+Z82) -> 127.4 | AK82: =AB82-AC82-AD82-AE82-AF82-AG82-AH82-AI82-AJ82 -> 127.4
A83: 79 | B83: CASTILLO CHAMORRO JOSÉ HUMBERTO | C83: 98337524 | D83: Física | E83: Ciencias Básicas | F83: Doctorado | G83: TC | H83: 2001 | I83: Asociado | J83: 33.9 | K83: 8 | N83: 4 | P83: 8 | Q83: 15 | S83: 3 | U83: 0 | V83: 25 | W83: 12.3 | X83: 6 | Y83: 0 | Z83: 0 | AA83: 320 | AB83: =AA83-(J83+K83+L83+M83+N83+O83+P83+Q83+R83+S83+T83+U83+V83+W83+X83+Y83+Z83) -> 204.8 | AK83: =AB83-AC83-AD83-AE83-AF83-AG83-AH83-AI83-AJ83 -> 204.8
A84: 80 | B84: GÓMEZ GONZÁLEZ EDGAR ARTURO | C84: 70420310 | D84: Física | E84: Ciencias Básicas | F84: Doctorado | G84: TC | H84: 40973 | I84: Asociado | M84: 34 | N84: 3 | O84: 15 | P84: 4 | R84: 15 | S84: 15.5 | T84: 57 | U84: 16.5 | V84: 0 | W84: 30 | X84: 0 | Y84: 15 | Z84: 6 | AA84: 320 | AB84: =AA84-(J84+K84+L84+M84+N84+O84+P84+Q84+R84+S84+T84+U84+V84+W84+X84+Y84+Z84) -> 109 | AK84: =AB84-AC84-AD84-AE84-AF84-AG84-AH84-AI84-AJ84 -> 109 | AN84: 15 puntos CIARP 2-12/03/24 6 puntos CIARP 6-29/08/25 | AO84: Inició comisión académico-admon el 01/06/2023 como Director del Programa de Física
A85: 81 | B85: HOYOS RINCON ISABEL CRISTINA | C85: 43267159 | D85: Física | E85: Ciencias Básicas | F85: Doctorado | G85: TC | H85: 43864 | I85: Asociado | U85: 40.56 | V85: 0 | W85: 16 | X85: 7.5 | Y85: 0 | Z85: 0 | AA85: 320 | AB85: =AA85-(J85+K85+L85+M85+N85+O85+P85+Q85+R85+S85+T85+U85+V85+W85+X85+Y85+Z85) -> 255.94 | AK85: =AB85-AC85-AD85-AE85-AF85-AG85-AH85-AI85-AJ85 -> 255.94
A86: 82 | B86: MOSQUERA MOSQUERA JULIO CÉSAR | C86: 10110620 | D86: Física | E86: Ciencias Básicas | F86: Doctorado | G86: TC | H86: 39664 | I86: Titular | J86: 62 | K86: 9 | L86: 23.7 | M86: 30.8 | P86: 43.2 | R86: 24.9 | S86: 20 | U86: 3.4 | V86: 3.4 | W86: 0 | X86: 0 | Y86: 0 | Z86: 0 | AA86: 540 | AB86: =AA86-(J86+K86+L86+M86+N86+O86+P86+Q86+R86+S86+T86+U86+V86+W86+X86+Y86+Z86) -> 319.6 | AK86: =AB86-AC86-AD86-AE86-AF86-AG86-AH86-AI86-AJ86 -> 319.6
A87: 83 | B87: GIRALDO ZULUAGA GLORIA AMPARO | C87: 41914225 | D87: Gerontología | E87: Ciencias Humanas | F87: Maestría | G87: TC | H87: 42955 | I87: Asociado | R87: 27.5 | U87: 0 | V87: 16.4 | W87: 27 | X87: 0 | Y87: 27 | Z87: 16.8 | AA87: 320 | AB87: =AA87-(J87+K87+L87+M87+N87+O87+P87+Q87+R87+S87+T87+U87+V87+W87+X87+Y87+Z87) -> 205.3 | AK87: =AB87-AC87-AD87-AE87-AF87-AG87-AH87-AI87-AJ87 -> 205.3
A88: 84 | B88: GÓMEZ SANTOS CÉSAR AUGUSTO | C88: 7548440 | D88: Gerontología | E88: Ciencias Humanas | F88: Doctorado | G88: TC | H88: 41855 | I88: Asociado | O88: 9 | Q88: 1.3 | R88: 12 | S88: 19.7 | U88: 0 | V88: 13.8 | W88: 13.1 | X88: 0 | Y88: 0 | Z88: 17.2 | AA88: 320 | AB88: =AA88-(J88+K88+L88+M88+N88+O88+P88+Q88+R88+S88+T88+U88+V88+W88+X88+Y88+Z88) -> 233.9 | AK88: =AB88-AC88-AD88-AE88-AF88-AG88-AH88-AI88-AJ88 -> 233.9
A89: 85 | B89: LÓPEZ CARDOZO LILIA INÉS | C89: 34536538 | D89: Gerontología | E89: Ciencias Humanas | F89: Maestría | G89: TC | H89: 42955 | I89: Asociado | R89: 21.1 | S89: 26.2 | T89: 14.7 | U89: 0 | V89: 16.4 | W89: 28.5 | X89: 0 | Y89: 27 | Z89: 13.8 | AA89: 320 | AB89: =AA89-(J89+K89+L89+M89+N89+O89+P89+Q89+R89+S89+T89+U89+V89+W89+X89+Y89+Z89) -> 172.3 | AK89: =AB89-AC89-AD89-AE89-AF89-AG89-AH89-AI89-AJ89 -> 172.3
A90: 86 | B90: ARBOLEDA AUDRITO CARLOS JULIO | C90: 18494950 | D90: Ingeniería Civil | E90: Ingeniería | F90: Maestría | G90: TC | H90: 37288 | I90: Auxiliar | U90: 0 | V90: 0 | W90: 12.9 | X90: 0 | Y90: 0 | Z90: 0 | AA90: 80 | AB90: =AA90-(J90+K90+L90+M90+N90+O90+P90+Q90+R90+S90+T90+U90+V90+W90+X90+Y90+Z90) -> 67.1 | AK90: =AB90-AC90-AD90-AE90-AF90-AG90-AH90-AI90-AJ90 -> 67.1
A91: 87 | B91: CANO SALDAÑA LEONARDO | C91: 7561197 | D91: Ingeniería Civil | E91: Ingeniería | F91: Doctorado | G91: TC | H91: 37288 | I91: Asociado | J91: 4 | T91: 7.5 | U91: 0 | V91: 12.5 | W91: 12.9 | X91: 0 | Y91: 35.5 | Z91: 27.8 | AA91: 320 | AB91: =AA91-(J91+K91+L91+M91+N91+O91+P91+Q91+R91+S91+T91+U91+V91+W91+X91+Y91+Z91) -> 219.8 | AK91: =AB91-AC91-AD91-AE91-AF91-AG91-AH91-AI91-AJ91 -> 219.8
A92: 88 | B92: CASTRO BENAVIDES ALBA LUCÍA | C92: 41948404 | D92: Ingeniería Civil | E92: Ingeniería | F92: Maestría | G92: TC | H92: 42955 | I92: Asistente | R92: 6 | U92: 13.8 | V92: 0 | W92: 0 | X92: 0 | Y92: 0 | Z92: 0 | AA92: 160 | AB92: =AA92-(J92+K92+L92+M92+N92+O92+P92+Q92+R92+S92+T92+U92+V92+W92+X92+Y92+Z92) -> 140.2 | AK92: =AB92-AC92-AD92-AE92-AF92-AG92-AH92-AI92-AJ92 -> 140.2
A93: 89 | B93: CUARTAS VARÓN LUISA FERNANDA | C93: 41945865 | D93: Ingeniería Civil | E93: Ingeniería | F93: Maestría | G93: TC | H93: 44963 | I93: Asistente | X93: 14.6 | Y93: 0 | Z93: 0 | AA93: 160 | AB93: =AA93-(J93+K93+L93+M93+N93+O93+P93+Q93+R93+S93+T93+U93+V93+W93+X93+Y93+Z93) -> 145.4 | AK93: =AB93-AC93-AD93-AE93-AF93-AG93-AH93-AI93-AJ93 -> 145.4
A94: 90 | B94: CUÉLLAR REYES ÁLVARO JAVIER | C94: 89008169 | D94: Ingeniería Civil | E94: Ingeniería | F94: Maestría | G94: TC | H94: 44963 | I94: Auxiliar | X94: 7.5 | Y94: 0 | Z94: 0 | AA94: 80 | AB94: =AA94-(J94+K94+L94+M94+N94+O94+P94+Q94+R94+S94+T94+U94+V94+W94+X94+Y94+Z94) -> 72.5 | AK94: =AB94-AC94-AD94-AE94-AF94-AG94-AH94-AI94-AJ94 -> 72.5
A95: 91 | B95: FLÓREZ GALVEZ JORGE HERNÁN | C95: 9866770 | D95: Ingeniería Civil | E95: Ingeniería | F95: Doctorado | G95: TC | H95: 42955 | I95: Asistente | R95: 11 | U95: 0 | V95: 0 | W95: 0 | X95: 7.5 | Y95: 0 | Z95: 0 | AA95: 160 | AB95: =AA95-(J95+K95+L95+M95+N95+O95+P95+Q95+R95+S95+T95+U95+V95+W95+X95+Y95+Z95) -> 141.5 | AK95: =AB95-AC95-AD95-AE95-AF95-AG95-AH95-AI95-AJ95 -> 141.5
A96: 92 | B96: GARCIA LEAL JUAN CARLOS | C96: 7530943 | D96: Ingeniería Civil | E96: Ingeniería | F96: Maestría | G96: TC | H96: 33991 | I96: Asistente | J96: 16 | U96: 0 | V96: 0 | W96: 15 | X96: 0 | Y96: 0 | Z96: 0 | AA96: 160 | AB96: =AA96-(J96+K96+L96+M96+N96+O96+P96+Q96+R96+S96+T96+U96+V96+W96+X96+Y96+Z96) -> 129 | AK96: =AB96-AC96-AD96-AE96-AF96-AG96-AH96-AI96-AJ96 -> 129
A97: 93 | B97: GARCÍA OCAMPO CARLOS ARTURO | C97: 7555284 | D97: Ingeniería Civil | E97: Ingeniería | F97: Maestría | G97: TC | H97: 40203 | I97: Asistente | L97: 5.2 | Q97: 1.5 | S97: 3 | U97: 0 | V97: 27.3 | W97: 0 | X97: 0 | Y97: 0 | Z97: 0 | AA97: 160 | AB97: =AA97-(J97+K97+L97+M97+N97+O97+P97+Q97+R97+S97+T97+U97+V97+W97+X97+Y97+Z97) -> 123 | AK97: =AB97-AC97-AD97-AE97-AF97-AG97-AH97-AI97-AJ97 -> 123
A98: 94 | B98: GARCÍA REINOSO PEDRO LEÓN | C98: 89006026 | D98: Ingeniería Civil | E98: Ingeniería | F98: Maestría | G98: TC | H98: 39142 | I98: Asociado | J98: 6 | K98: 3 | L98: 14.2 | M98: 3 | N98: 8.9 | Q98: 4 | S98: 12 | U98: 0 | V98: 0 | W98: 0 | X98: 0 | Y98: 6 | Z98: 0 | AA98: 320 | AB98: =AA98-(J98+K98+L98+M98+N98+O98+P98+Q98+R98+S98+T98+U98+V98+W98+X98+Y98+Z98) -> 262.9 | AK98: =AB98-AC98-AD98-AE98-AF98-AG98-AH98-AI98-AJ98 -> 262.9
A99: 95 | B99: GUZMAN MELENDEZ MARÍA ROSA | C99: 34554225 | D99: Ingeniería Civil | E99: Ingeniería | F99: Maestría | G99: TC | H99: 38376 | I99: Auxiliar | U99: 0 | V99: 0 | W99: 0 | X99: 0 | Y99: 0 | Z99: 0 | AA99: 80 | AB99: =AA99-(J99+K99+L99+M99+N99+O99+P99+Q99+R99+S99+T99+U99+V99+W99+X99+Y99+Z99) -> 80 | AK99: =AB99-AC99-AD99-AE99-AF99-AG99-AH99-AI99-AJ99 -> 80
A100: 96 | B100: LOZANO SANDOVAL GABRIEL | C100: 7556767 | D100: Ingeniería Civil | E100: Ingeniería | F100: Doctorado | G100: TC | H100: 35828 | I100: Asistente | J100: 2.5 | L100: 12 | P100: 14.5 | Q100: 8.3 | R100: 0.6 | U100: 0 | V100: 0 | W100: 0 | X100: 0 | Y100: 0 | Z100: 0 | AA100: 160 | AB100: =AA100-(J100+K100+L100+M100+N100+O100+P100+Q100+R100+S100+T100+U100+V100+W100+X100+Y100+Z100) -> 122.1 | AK100: =AB100-AC100-AD100-AE100-AF100-AG100-AH100-AI100-AJ100 -> 122.1
...

Sheet Puntos aprobados_2026
A1: Factores Salariales Decreto 1279, artículo 12 | B1: Productividad académica | C1: No. de productos | D1: Puntos asignados CIARP 01- 18/03/2026 | E1: Columna2 | F1: Columna3 | G1: Columna4 | H1: Total
A2: Título universitarios de pregrado y posgrado | D2: =Titulo!O3 -> 80 | H2: =SUM(Tabla6[[#This Row],[Puntos asignados CIARP 01- 18/03/2026]:[Columna3]]) -> 80
A3: Ascenso de categoría - escalafón docente | D3: =Ascenso_Categoria!K3+Ascenso_Categoria!K4+Ascenso_Categoria!K5+Ascenso_Categoria!K6+Ascenso_Categoria!K7+Ascenso_Categoria!K8 -> 102 | H3: =SUM(Tabla6[[#This Row],[Puntos asignados CIARP 01- 18/03/2026]:[Columna3]]) -> 102
A4: Productividad académica | B4: Revistas especializadas | D4: =Pub_Rev_Index!X4+Pub_Rev_Index!X7+Pub_Rev_Index!X9+Pub_Rev_Index!X10+Pub_Rev_Index!X12+Pub_Rev_Index!X13+Pub_Rev_Index!X15+Pub_Rev_Index!X18+Pub_Rev_Index!X21+Pub_Rev_Index!X22+Pub_Rev_Index!X24 -> 74.5 | H4: =SUM(Tabla6[[#This Row],[Puntos asignados CIARP 01- 18/03/2026]:[Columna3]]) -> 74.5
B5: Producción de videos, cinematográficas o fonográficas | H5: =SUM(Tabla6[[#This Row],[Puntos asignados CIARP 01- 18/03/2026]:[Columna3]]) -> 0
B6: Libros resultado de Investigación | H6: =SUM(Tabla6[[#This Row],[Puntos asignados CIARP 01- 18/03/2026]:[Columna3]]) -> 0
B7: Libros de Texto | H7: =SUM(Tabla6[[#This Row],[Puntos asignados CIARP 01- 18/03/2026]:[Columna3]]) -> 0
B8: Libros de Ensayo | D8: =Libro_Ensayo!S3 -> 10.425 | H8: =SUM(Tabla6[[#This Row],[Puntos asignados CIARP 01- 18/03/2026]:[Columna3]]) -> 10.425
B9: Premios Nacionales e internacionales | H9: =SUM(Tabla6[[#This Row],[Puntos asignados CIARP 01- 18/03/2026]:[Columna3]]) -> 0
B10: Patentes | H10: =SUM(Tabla6[[#This Row],[Puntos asignados CIARP 01- 18/03/2026]:[Columna3]]) -> 0
B11: Traducciones de libros | H11: =SUM(Tabla6[[#This Row],[Puntos asignados CIARP 01- 18/03/2026]:[Columna3]]) -> 0
B12: Obras Artísticas | H12: =SUM(Tabla6[[#This Row],[Puntos asignados CIARP 01- 18/03/2026]:[Columna3]]) -> 0
B13: Producción Técnica | H13: =SUM(Tabla6[[#This Row],[Puntos asignados CIARP 01- 18/03/2026]:[Columna3]]) -> 0
B14: Producción de Software | H14: =SUM(Tabla6[[#This Row],[Puntos asignados CIARP 01- 18/03/2026]:[Columna3]]) -> 0
A15: Actividades académico - administrativas | D15: =SUM(DAA!J4:J27) -> 99.5 | H15: =SUM(Tabla6[[#This Row],[Puntos asignados CIARP 01- 18/03/2026]:[Columna3]]) -> 99.5
A16: Desempeño destacado docente | D16: =SUM(DDD_Auxiliar!J4:J22,DDD_Asistente!J4:J26,DDD_Asociado!J4:J23,DDD_Titular!J4:J23) -> 281.3 | H16: =SUM(Tabla6[[#This Row],[Puntos asignados CIARP 01- 18/03/2026]:[Columna3]]) -> 281.3
A17: Experiencia Calificada | D17: =SUM(Exp_Calificada!J4:J265) -> 518 | H17: =SUM(Tabla6[[#This Row],[Puntos asignados CIARP 01- 18/03/2026]:[Columna3]]) -> 518
A18: Total | C18: =SUBTOTAL(109,Tabla6[No. de productos]) -> 0 | D18: =SUBTOTAL(109,Tabla6[Puntos asignados CIARP 01- 18/03/2026]) -> 1165.725 | E18: =SUBTOTAL(109,Tabla6[Columna2]) -> 0 | H18: =SUBTOTAL(109,Tabla6[Total]) -> 1165.725
A20: Total puntos Productividad académica | D20: =SUM(D4:D14) -> 84.925

Sheet Titulo
A2: AÑO | B2: SEMESTRE | C2: No. | D2: DOCUMENTO DE IDENTIDAD | E2: NOMBRE DEL DOCENTE | F2: ESCOLARIDAD ANTERIOR | G2: CATEGORÍA | H2: TIEMPO DE DEDICACIÓN | I2: PROGRAMA ACADÉMICO | J2: FACULTAD | K2: UNIVERSIDAD QUE OTORGA EL TÍTULO | L2: TITULO OTORGADO | M2: Acto de Convalidación (Para títulos Univ.del Ext.) | N2: FECHA GRADUACIÓN | O2: PUNTOS ASIGNADOS | P2: ACTA Y FECHA CIARP | Q2: OBSERVACIONES
A3: 2026 | B3: I | C3: 1 | D3: 1102042502 | E3: CRISTIAN CAMILO REYES GALEANO | F3: Doctorado | G3: Asistente | H3: TC | I3: Licenciatura en Lenguas Modernas con énfasis en Inglés y Francés | J3: Ciencias de la Educación | K3: Universidad de la Salle | L3: Doctor en Educación y Sociedad | M3: N/A | N3: 46003 | O3: 80 | P3: 1- 18/03/2026
L5: TOTAL PUNTOS TÍTULOS | O5: =SUM(O3:O4) -> 80
F8: __________________________________ | K8: _______________________________
F9: LINA MARCELA CRUZ CALDERÓN | K9: LUZ AMPARO CELIS BURITICÁ
F10: Técnico Oficina de Asuntos Profesorales | K10: Jefe Oficina Asuntos Profesorales y Secretaria Ejecutiva CIARP
F11: Proyectó y Elaboró | K11: Revisó

Sheet Ascenso_Categoria
A2: AÑO | B2: SEMESTRE | C2: No. | D2: IDENTIFICACIÓN | E2: NOMBRE DEL DOCENTE | F2: TIEMPO DE DEDICACIÓN | G2: PROGRAMA | H2: FACULTAD | I2: RES. DE APROBACIÓN C.E.I. o Acta de Aprob.CEI | J2: FECHA DE ASCENSO ( a partir de) | K2: PUNTOS ASIGNADOS | L2: CATEGORÍA APROBADA | M2: ACTA Y FECHA CIARP | N2: OBSERVACIONES
A3: 2026 | B3: I | C3: 1 | D3: 29226257 | E3: IVONNE CAICEDO GONZALEZ | F3: TC | G3: Administración Financiera | H3: Ciencias Económicas, Administrativas y Contables | I3: Acta. No.01 del 17/02/2026 | J3: 17 de febrero | K3: {=_xlfn.IFS(L3="Asistente", 21, L3="Asociado", 16, L3="Titular", 22)} -> 16 | L3: Asociado | M3: 1- 18/03/2026
A4: 2026 | B4: I | C4: 2 | D4: 41943016 | E4: CLAUDIA CONSTANZA CABAL CRUZ | F4: TC | G4: Contaduría Pública | H4: Ciencias Económicas, Administrativas y Contables | I4: Acta. No.01 del 17/02/2026 | J4: 17 de febrero | K4: {=_xlfn.IFS(L4="Asistente", 21, L4="Asociado", 16, L4="Titular", 22)} -> 16 | L4: Asociado | M4: 1- 18/03/2026
A5: 2026 | B5: I | C5: 3 | D5: 1094901176 | E5: DIEGO FERNANDO RAMÍREZ JIMÉNEZ | F5: TC | G5: Ingeniería Electrónica | H5: Ingeniería | I5: Acta. No.02 del 10/03/2026 | J5: 10 de marzo | K5: {=_xlfn.IFS(L5="Asistente", 21, L5="Asociado", 16, L5="Titular", 22)} -> 16 | L5: Asociado | M5: 1- 18/03/2026
A6: 2026 | B6: I | C6: 4 | D6: 1094885534 | E6: CARLOS ANDRÉS TABARES RAMÍREZ | F6: TC | G6: Licenciatura en Educación Física, Recreación y Deportes | H6: Ciencias de la Educación | I6: Acta. No.02 del 10/03/2026 | J6: 10 de marzo | K6: {=_xlfn.IFS(L6="Asistente", 21, L6="Asociado", 16, L6="Titular", 22)} -> 16 | L6: Asociado | M6: 1- 18/03/2026
A7: 2026 | B7: I | C7: 5 | D7: 1094882594 | E7: JHOJAN CARDONA PATIÑO | F7: TC | G7: Licenciatura en Educación Física, Recreación y Deportes | H7: Ciencias de la Educación | I7: Acta. No.02 del 10/03/2026 | J7: 10 de marzo | K7: {=_xlfn.IFS(L7="Asistente", 21, L7="Asociado", 16, L7="Titular", 22)} -> 16 | L7: Asociado | M7: 1- 18/03/2026
A8: 2026 | B8: I | C8: 6 | D8: 18399636 | E8: ALEXANDER LÓPEZ PARRADO | F8: TC | G8: Ingeniería Electrónica | H8: Ingeniería | I8: Acta. No.02 del 10/03/2026 | J8: 10 de marzo | K8: {=_xlfn.IFS(L8="Asistente", 21, L8="Asociado", 16, L8="Titular", 22)} -> 22 | L8: Titular | M8: 1- 18/03/2026
H10: TOTAL PUNTOS CAMBIO DE CATEGORÍA | K10: =SUM(K3:K9) -> 102
C13: __________________________________ | I13: _______________________________
C14: LINA MARCELA CRUZ CALDERÓN | I14: LUZ AMPARO CELIS BURITICÁ
C15: Técnico Oficina de Asuntos Profesorales | I15: Jefe Oficina Asuntos Profesorales y Secretaria Ejecutiva CIARP
C16: Proyectó y Elaboró | I16: Revisó

Sheet Pub_Rev_Index
A2: AÑO | B2: SEMESTRE | C2: No. | D2: TÍTULO ARTÍCULO | E2: MODALIDAD | F2: TIPO | G2: PAIS | H2: ISSN REVISTA | I2: NOMBRE REVISTA | J2: PUBLINDEX | K2: CATEGORÍA REVISTA | L2: NUMERO DE AUTORES | M2: EDITORIAL | N2: FECHA | Q2: DOCUMENTO DE IDENTIFICAC. | R2: NOMBRES DE AUTORES PERTENECIENTES A UNIVERSIDADES | S2: ESCOLARIDAD | T2: CATEGORÍA DEL DOCENTE | U2: TIEMPO DE DEDICACIÓN | V2: PROGRAMA | W2: FACULTAD | X2: PUNTAJE AUTOR | Y2: UNIVERSIDAD DE LOS AUTORES (PARTICIPANTES) | Z2: ACTA Y FECHA CIARP | AA2: OBSERVACIÓN
N3: RECIBIDO | O3: APROBADO | P3: PUBLICADO
A4: 2026 | B4: I | C4: 1 | D4: Evaluación de escenarios de inundación mediante herramientas hidrodinámicas y geoespaciales: el caso de estudio del río Bugalagrande, Colombia | E4: Full paper | F4: Nacional | G4: Colombia | H4: 1909-7735 | I4: Ciencia e Ingeniería Neogranadina | J4: https://scienti.minciencias.gov.co/publindex/#/revistasPublindex/detalle?tipo=R&idRevista=264 | K4: B | L4: 3 | M4: Universidad Militar Nueva Granada | N4: 45666 | O4: 45803 | P4: 45952 | Q4: 89007517 | R4: JULIÁN GARZÓN BARRERO | S4: Doctorado | T4: Asociado | U4: TC | V4: Ingeniería Topográfica y Geomática | W4: Ingeniería | X4: =IF(OR(K4="", L4=""), "", IF(K4="A1", 15, IF(K4="A2", 12, IF(K4="B", 8, IF(K4="C", 3, 0)))) / IF(L4<=3, 1, IF(L4<=5, 2, L4/2))) -> 8 | Y4: Universidad del Quindío | Z4: 1- 18/03/2026
A5: 2026 | B5: I | C5: 1 | R5: Nancy Estela Sánchez Pineda | X5: =IF(OR(K5="", L5=""), "", IF(K5="A1", 15, IF(K5="A2", 12, IF(K5="B", 8, IF(K5="C", 3, 0)))) / IF(L5<=3, 1, IF(L5<=5, 2, L5/2))) | Y5: Universidad del Quindío
A6: 2026 | B6: I | C6: 1 | R6: Juan Carlos González Valencia | X6: =IF(OR(K6="", L6=""), "", IF(K6="A1", 15, IF(K6="A2", 12, IF(K6="B", 8, IF(K6="C", 3, 0)))) / IF(L6<=3, 1, IF(L6<=5, 2, L6/2))) | Y6: Universidad del Quindío
A7: 2026 | B7: I | C7: 2 | D7: Integración de la Competencia Comunicativa Intercultural en la didáctica de lenguas extranjeras en Escuela Nueva | E7: Full paper | F7: Nacional de rotación internacional | G7: Colombia | H7: 2145-9444 | I7: Zona Próxima | J7: https://scienti.minciencias.gov.co/publindex/#/revistasPublindex/detalle?tipo=R&idRevista=882 | K7: B | L7: 2 | M7: Fundación Universidad del Norte | N7: 45476 | O7: 45633 | P7: 45848 | Q7: 1102042502 | R7: CRISTIAN CAMILO REYES GALEANO | S7: Doctorado | T7: Asistente | U7: TC | V7: Licenciatura en Lenguas Modernas con énfasis en Inglés y Francés | W7: Ciencias de la Educación | X7: =IF(OR(K7="", L7=""), "", IF(K7="A1", 15, IF(K7="A2", 12, IF(K7="B", 8, IF(K7="C", 3, 0)))) / IF(L7<=3, 1, IF(L7<=5, 2, L7/2))) -> 8 | Y7: Universidad del Quindío | Z7: 1- 18/03/2026
A8: 2026 | B8: I | C8: 2 | R8: María Camila Restrepo Neme | X8: =IF(OR(K8="", L8=""), "", IF(K8="A1", 15, IF(K8="A2", 12, IF(K8="B", 8, IF(K8="C", 3, 0)))) / IF(L8<=3, 1, IF(L8<=5, 2, L8/2))) | Y8: Universidad del Quindío
A9: 2026 | B9: I | C9: 3 | D9: Impacto inflacionario poscovid en Colombia (2020-2023): factores y consecuencias | E9: Full paper | F9: Nacional | G9: Colombia | H9: 2619-4244 | I9: Dictamen Libre | J9: https://scienti.minciencias.gov.co/publindex/#/revistasPublindex/detalle?tipo=R&idRevista=1044 | K9: C | L9: 3 | M9: Universidad Libre de Colombia | N9: 45464 | O9: 45730 | P9: 45765 | Q9: 89000647 | R9: ALEXANDER CASTRO DÍAZ | S9: Maestria | T9: Asistente | U9: TC | V9: Economía | W9: Ciencias Económicas, Administrativas y Contables | X9: =IF(OR(K9="", L9=""), "", IF(K9="A1", 15, IF(K9="A2", 12, IF(K9="B", 8, IF(K9="C", 3, 0)))) / IF(L9<=3, 1, IF(L9<=5, 2, L9/2))) -> 3 | Y9: Universidad del Quindío | Z9: 1- 18/03/2026
A10: 2026 | B10: I | C10: 3 | D10: Impacto inflacionario poscovid en Colombia (2020-2023): factores y consecuencias | E10: Full paper | F10: Nacional | G10: Colombia | H10: 2619-4244 | I10: Dictamen Libre | J10: https://scienti.minciencias.gov.co/publindex/#/revistasPublindex/detalle?tipo=R&idRevista=1044 | K10: C | L10: 3 | M10: Universidad Libre de Colombia | N10: 45464 | O10: 45730 | P10: 45765 | Q10: 89007946 | R10: CARLOS ANDRÉS GARCÍA GIRALDO | S10: Maestria | T10: Asistente | U10: TC | V10: Administración de Negocios | W10: Ciencias Económicas, Administrativas y Contables | X10: =IF(OR(K10="", L10=""), "", IF(K10="A1", 15, IF(K10="A2", 12, IF(K10="B", 8, IF(K10="C", 3, 0)))) / IF(L10<=3, 1, IF(L10<=5, 2, L10/2))) -> 3 | Y10: Universidad del Quindío | Z10: 1- 18/03/2026
A11: 2026 | B11: I | C11: 3 | R11: Jaime Aldana Diana Lucía | X11: =IF(OR(K11="", L11=""), "", IF(K11="A1", 15, IF(K11="A2", 12, IF(K11="B", 8, IF(K11="C", 3, 0)))) / IF(L11<=3, 1, IF(L11<=5, 2, L11/2))) | Y11: Universidad del Quindío
A12: 2026 | B12: I | C12: 4 | D12: Estrategia pedagógica: el aula invertida como innovación curricular en la formación de administradores financieros de la Universidad del Quindío, Colombia | E12: Full paper | F12: Nacional | G12: Colombia | H12: 2346-0806 | I12: Sophia | J12: https://scienti.minciencias.gov.co/publindex/#/revistasPublindex/detalle?tipo=R&idRevista=1017 | K12: B | L12: 3 | M12: Universidad La Gran Colombia Seccional Armenia | N12: 45566 | O12: 45901 | P12: 45953 | Q12: 89007946 | R12: CARLOS ANDRÉS GARCÍA GIRALDO | S12: Maestria | T12: Asistente | U12: TC | V12: Administración de Negocios | W12: Ciencias Económicas, Administrativas y Contables | X12: =IF(OR(K12="", L12=""), "", IF(K12="A1", 15, IF(K12="A2", 12, IF(K12="B", 8, IF(K12="C", 3, 0)))) / IF(L12<=3, 1, IF(L12<=5, 2, L12/2))) -> 8 | Y12: Universidad del Quindío | Z12: 1- 18/03/2026
A13: 2026 | B13: I | C13: 4 | D13: Estrategia pedagógica: el aula invertida como innovación curricular en la formación de administradores financieros de la Universidad del Quindío, Colombia | E13: Full paper | F13: Nacional | G13: Colombia | H13: 2346-0806 | I13: Sophia | J13: https://scienti.minciencias.gov.co/publindex/#/revistasPublindex/detalle?tipo=R&idRevista=1017 | K13: B | L13: 3 | M13: Universidad La Gran Colombia Seccional Armenia | N13: 45566 | O13: 45901 | P13: 45953 | Q13: 41916725 | R13: BERLY ROMAN VALENCIA | S13: Maestria | T13: Auxiliar | U13: TC | V13: Administración Financiera | W13: Ciencias Económicas, Administrativas y Contables | X13: =IF(OR(K13="", L13=""), "", IF(K13="A1", 15, IF(K13="A2", 12, IF(K13="B", 8, IF(K13="C", 3, 0)))) / IF(L13<=3, 1, IF(L13<=5, 2, L13/2))) -> 8 | Y13: Universidad del Quindío | Z13: 1- 18/03/2026
A14: 2026 | B14: I | C14: 4 | R14: Ivonne Caicedo González | X14: =IF(OR(K14="", L14=""), "", IF(K14="A1", 15, IF(K14="A2", 12, IF(K14="B", 8, IF(K14="C", 3, 0)))) / IF(L14<=3, 1, IF(L14<=5, 2, L14/2))) | Y14: Universidad del Quindío
A15: 2026 | B15: I | C15: 5 | D15: Multi-Output Gaussian Processes Applied to Modeling and Reducing Dimensionality of Data Transmitted in a Wireless Sensor Network | E15: Full paper | F15: Nacional | G15: Colombia | H15: 2357-5328 | I15: Revista Facultad de Ingeniería | J15: https://scienti.minciencias.gov.co/publindex/#/revistasPublindex/detalle?tipo=R&idRevista=861 | K15: B | L15: 3 | M15: Universidad Pedagógica y Tecnológica de Colombia | N15: 45561 | O15: 45669 | P15: 45825 | Q15: 89007291 | R15: PABLO ANDRÉS MUÑOZ GUTIERREZ | S15: Doctorado | T15: Asociado | U15: TC | V15: Tecnología en Instrumentación Electrónica | W15: Ciencias Básicas y Tecnologías | X15: =IF(OR(K15="", L15=""), "", IF(K15="A1", 15, IF(K15="A2", 12, IF(K15="B", 8, IF(K15="C", 3, 0)))) / IF(L15<=3, 1, IF(L15<=5, 2, L15/2))) -> 8 | Y15: Universidad del Quindío | Z15: 1- 18/03/2026
A16: 2026 | B16: I | C16: 5 | R16: José Aicardo Ortega Vela | X16: =IF(OR(K16="", L16=""), "", IF(K16="A1", 15, IF(K16="A2", 12, IF(K16="B", 8, IF(K16="C", 3, 0)))) / IF(L16<=3, 1, IF(L16<=5, 2, L16/2))) | Y16: Universidad del Quindío
A17: 2026 | B17: I | C17: 5 | R17: Hernán Darío Vargas Cardona | X17: =IF(OR(K17="", L17=""), "", IF(K17="A1", 15, IF(K17="A2", 12, IF(K17="B", 8, IF(K17="C", 3, 0)))) / IF(L17<=3, 1, IF(L17<=5, 2, L17/2))) | Y17: Universidad del Quindío
A18: 2026 | B18: I | C18: 6 | D18: La educación superior y el transito reflexivo hacia la realidad evaluativa | E18: Full paper | F18: Nacional | G18: Colombia | H18: 2346-0806 | I18: Sophia | J18: https://scienti.minciencias.gov.co/publindex/#/revistasPublindex/detalle?tipo=R&idRevista=1017 | K18: B | L18: 3 | M18: Universidad La Gran Colombia Seccional Armenia | N18: 44958 | O18: 45566 | P18: 45768 | Q18: 17655304 | R18: JUAN CARLOS SÁNCHEZ MUÑOZ | S18: Doctorado | T18: Titular | U18: TC | V18: Licenciatura en Educación Física, Recreación y Deportes | W18: Ciencias de la Educación | X18: =IF(OR(K18="", L18=""), "", IF(K18="A1", 15, IF(K18="A2", 12, IF(K18="B", 8, IF(K18="C", 3, 0)))) / IF(L18<=3, 1, IF(L18<=5, 2, L18/2))) -> 8 | Y18: Universidad del Quindío | Z18: 1- 18/03/2026
A19: 2026 | B19: I | C19: 6 | R19: Eliana Marcela Suarez Cárdenas | X19: =IF(OR(K19="", L19=""), "", IF(K19="A1", 15, IF(K19="A2", 12, IF(K19="B", 8, IF(K19="C", 3, 0)))) / IF(L19<=3, 1, IF(L19<=5, 2, L19/2))) | Y19: Universidad del Quindío
A20: 2026 | B20: I | C20: 6 | R20: Diana María García Cardona | X20: =IF(OR(K20="", L20=""), "", IF(K20="A1", 15, IF(K20="A2", 12, IF(K20="B", 8, IF(K20="C", 3, 0)))) / IF(L20<=3, 1, IF(L20<=5, 2, L20/2))) | Y20: Universidad del Quindío
A21: 2026 | B21: I | C21: 7 | D21: Diversidad familiar y familias ensambladas: reflexiones para desafiar el modelo nuclear hegemónico | E21: Full paper | F21: Nacional de rotación internacional | G21: Colombia | H21: 2665-3354 | I21: El Ágora USB | J21: https://scienti.minciencias.gov.co/publindex/#/revistasPublindex/detalle?tipo=R&idRevista=510 | K21: B | L21: 1 | M21: Universidad De San Buenaventura | N21: 45600 | O21: 45759 | P21: 45975 | Q21: 42144287 | R21: ANA MARÍA GIL RÍOS | S21: Doctorado | T21: Asociado | U21: TC | V21: Trabajo Social | W21: Ciencias Humanas | X21: =IF(OR(K21="", L21=""), "", IF(K21="A1", 15, IF(K21="A2", 12, IF(K21="B", 8, IF(K21="C", 3, 0)))) / IF(L21<=3, 1, IF(L21<=5, 2, L21/2))) -> 8 | Y21: Universidad del Quindío | Z21: 1- 18/03/2026
A22: 2026 | B22: I | C22: 8 | D22: Diseño de estrategias participativas para el desarrollo territorial en entidades de salud Caldas y Quindío / Design of participatory strategies for territorial development in health entities Caldas and Quindío | E22: Full paper | F22: Nacional de rotación internacional | G22: Colombia | H22: 2539-0279 | I22: Entramado | J22: https://scienti.minciencias.gov.co/publindex/#/revistasPublindex/detalle?tipo=R&idRevista=126 | K22: B | L22: 2 | M22: Universidad Libre de Colombia | N22: 45534 | O22: 45605 | P22: 45667 | Q22: 30320098 | R22: MARÍA BEATRIZ ESCOBAR ESCOBAR | S22: Doctorado | T22: Asociado | U22: TC | V22: Enfermería | W22: Ciencias de la Salud | X22: =IF(OR(K22="", L22=""), "", IF(K22="A1", 15, IF(K22="A2", 12, IF(K22="B", 8, IF(K22="C", 3, 0)))) / IF(L22<=3, 1, IF(L22<=5, 2, L22/2))) -> 8 | Y22: Universidad del Quindío | Z22: 1- 18/03/2026
A23: 2026 | B23: I | C23: 8 | R23: Ricardo Antonio Escobar | X23: =IF(OR(K23="", L23=""), "", IF(K23="A1", 15, IF(K23="A2", 12, IF(K23="B", 8, IF(K23="C", 3, 0)))) / IF(L23<=3, 1, IF(L23<=5, 2, L23/2))) | Y23: Escuela de Administración Publica ESAP
A24: 2026 | B24: I | C24: 9 | D24: Computational Thinking in the University Context: A Literature Review of Assessment Instruments | E24: Full paper | F24: Nacional | G24: Colombia | H24: 2256-5337 | I24: TecnoLógicas | J24: https://scienti.minciencias.gov.co/publindex/#/revistasPublindex/detalle?tipo=R&idRevista=605 | K24: B | L24: 3 | M24: Instituto Tecnológico Metropolitano de Medellín | N24: 45685 | O24: 45845 | P24: 45916 | Q24: 89004671 | R24: SERGIO AUGUSTO CARDONA TORRES | S24: Doctorado | T24: Titular | U24: TC | V24: Ingeniería de Sistemas y Computación | W24: Ingeniería | X24: 4.5 | Y24: Universidad del Quindío | Z24: 1- 18/03/2026 | AA24: Se asignan 4,5 de 8 puntos al profesor Sergio A. Cardona T, ya que el docente alcanzó el tope máximo de puntos en su categoría
A25: 2026 | B25: I | C25: 9 | R25: Angela María Muñoz Muñoz | X25: =IF(OR(K25="", L25=""), "", IF(K25="A1", 15, IF(K25="A2", 12, IF(K25="B", 8, IF(K25="C", 3, 0)))) / IF(L25<=3, 1, IF(L25<=5, 2, L25/2))) | Y25: Universidad del Quindío
A26: 2026 | B26: I | C26: 9 | R26: Milena Corrales Álvarez | X26: =IF(OR(K26="", L26=""), "", IF(K26="A1", 15, IF(K26="A2", 12, IF(K26="B", 8, IF(K26="C", 3, 0)))) / IF(L26<=3, 1, IF(L26<=5, 2, L26/2))) | Y26: Universidad del Quindío
A27: 2026 | B27: I | C27: 10 | D27: From error to insight: pedagical reflections on AI hallucinations and promt engineering | E27: Full paper | F27: Internacional | G27: China | H27: 1674-2974 | I27: Hunan Daxue Xuebao Journal Of Hunan University Natural Sciences | J27: https://scienti.minciencias.gov.co/publindex/#/revistasHomologadas/detalle/53148 | K27: No Homolagada | L27: 3 | M27: Journal of Hunan University | N27: 45970 | O27: 46024 | P27: 46052 | Q27: 18493676 | R27: JORGE ORLANDO HERRERA MORALES | S27: Maestria | T27: Asistente | U27: TC | V27: Ingeniería de Sistemas y Computación | W27: Ingeniería | X27: 0 | Y27: Universidad del Quindío | Z27: 1- 18/03/2026 | AA27: El artículo fue publicado en el año 2026, no cumple con lo establecido en el numeral 2 del artículo segundo del A.C.S No.012. Cada profesor someterá a consideración los resultados de su producción académica concluida durante el año calendario inmediatamente anterior.
A28: 2026 | B28: I | C28: 10 | D28: From error to insight: pedagical reflections on AI hallucinations and promt engineering | E28: Full paper | F28: Internacional | G28: China | H28: 1674-2974 | I28: Hunan Daxue Xuebao Journal Of Hunan University Natural Sciences | J28: https://scienti.minciencias.gov.co/publindex/#/revistasHomologadas/detalle/53148 | K28: No Homolagada | L28: 3 | M28: Journal of Hunan University | N28: 45970 | O28: 46024 | P28: 46052 | Q28: 9730805 | R28: JORGE ALEJANDRO ALDANA GUTIÉRREZ | S28: Maestría | T28: Asistente | U28: TC | V28: Ingeniería | W28: Ingeniería | X28: 0 | Y28: Universidad del Quindío | Z28: 1- 18/03/2026 | AA28: El artículo fue publicado en el año 2026, no cumple con lo establecido en el numeral 2 del artículo segundo del A.C.S No.012. Cada profesor someterá a consideración los resultados de su producción académica concluida durante el año calendario inmediatamente anterior.
A29: 2026 | B29: I | C29: 10 | R29: Darío Fernando Londoño Pinilla | Y29: Universidad del Quindío
A30: 2027 | B30: I | C30: 11
A31: 2028 | B31: I
A32: 2029 | B32: I
A33: 2030 | B33: I
A34: 2026 | B34: I | X34: =IF(OR(K34="", L34=""), "", IF(K34="A1", 15, IF(K34="A2", 12, IF(K34="B", 8, IF(K34="C", 3, 0)))) / IF(L34<=3, 1, IF(L34<=5, 2, L34/2)))
T36: TOTAL PUNTOS PUB. REV. INDEXADA | X36: =SUM(X4:X35) -> 74.5
I39: __________________________________ | S39: _______________________________
I40: LINA MARCELA CRUZ CALDERÓN | S40: LUZ AMPARO CELIS BURITICÁ
I41: Técnico Oficina Asuntos Profesorales | S41: Jefe Oficina Asuntos Profesorales y Secretaria Ejecutiva CIARP
I42: Proyectó y Elaboró | S42: Revisó

Sheet Libro_Ensayo
A2: AÑO | B2: SEMESTRE | C2: No. | D2: NOMBRE DEL LIBRO ENSAYO | E2: ISBN | F2: FECHA DE PUBLICACIÓN | G2: EDITORIAL | H2: DOCUMENTO DE IDENTIFICACIÓN | I2: AUTORES | J2: ESCOLARIDAD | K2: CATEGORÍA | L2: TIEMPO DE DEDICACIÓN | M2: PROGRAMA ACADÉMICO | N2: FACULTAD | O2: UNIVERSIDAD. PARTICIPANT | P2: PAR EVALUADOR MINCIENCIAS 1 | Q2: PAR EVALUADOR MINCIENCIAS 2 | R2: NUMERO DE AUTORES | S2: PUNTOS ASIGNADOS | T2: ACTA Y FECHA CIARP | U2: OBSERVACIONES
A3: 2026 | B3: I | C3: 1 | D3: Planeación laboral. Estrategia financiera para emprendedores y empresarios | E3: 978-628-7783-32-4 | F3: 45646 | G3: Kinesis Ltda | H3: 24573858 | I3: CONSTANZA LORETH FAJARDO CALDERON | J3: Maestría | K3: Titular | L3: TC | M3: Contaduría Pública | N3: Ciencias Económicas, Administrativas y Contables | O3: Universidad del Quindío | P3: =AVERAGE(3,2,3,1) -> 2.25 | Q3: =AVERAGE(4.5,4.7,4.8,4.8) -> 4.7 | R3: 3 | S3: =(AVERAGE(P3, Q3)*3) / IF(R3<=3, 1, IF(R3<=5, 2, R3/2)) -> 10.425 | T3: 1- 18/03/2026
A4: 2026 | B4: I | C4: 1 | I4: Santa Fajardo, Laura Michel | O4: Universidad de Manizales
A5: 2026 | B5: I | C5: 1 | I5: Santa Fajardo, Magda del Pilar | O5: Universidad del Quindío
N7: TOTAL PUNTOS LIBROS ENSAYO | S7: =SUM(S3:S6) -> 10.425
F10: _________________________________ | L10: __________________________________
F11: LINA MARCELA CRUZ CALDERÓN | L11: LUZ AMPARO CELIS BURITICÁ
F12: Técnico Oficina de Asuntos Profesorales | L12: Jefe Oficina Asuntos Profesorales y Secretaria Ejecutiva CIARP
F13: Proyectó y Elaboró | L13: Revisó

Sheet Prod_Videos
A2: AÑO | B2: SEMESTRE | C2: No. | D2: NOMBRE DE LA PROD. AUDIOVISUAL | E2: TIPO | F2: APORTE AUDIOVISAL | G2: IMPÁCTO | H2: DURACIÓN DE LA EMISIÓN Y AÑO DE PRODUCCIÓN | I2: ENTIDAD DIFUSORA QUE CERTIFICA | J2: DOCUMENTO DE IDENTIFICACIÓN | K2: AUTORES | L2: ESCOLARIDAD | M2: CATEGORÍA | N2: TIEMPO DE DEDICACIÓN | O2: PROGRAMA ACADÉMICO | P2: FACULTAD | Q2: UNIVERSIDAD. PARTICIPANT | R2: PUNTOS EVALUACIÓN PARES MINCIENCIAS | S2: PUNTOS ASIGNADOS | T2: ACTA Y FECHA CIARP | U2: OBSERVACIONES
A3: 2025 | B3: I | C3: 1 | D3: Podcast Común-mente, Lectura Dramática | E3: Digital | F3: Autoría del Contenido y Realizador, Director o Productor Técnico | G3: Internacional Documental | H3: 26 minutos, 57 segundos 2024 | I3: La Ufm estéreo | J3: 1094878677 | K3: ANDRÉS MAURICIO HERNÁNDEZ CARVAJAL | L3: Maestría | M3: Asistente | N3: TC | O3: Ciencia de la Información y la Documentación, Bibliotecología y Archivística | P3: Ciencias Humanas y Bellas Artes | Q3: Universidad del Quindío | R3: Eval.1= 12 Eval.2= 9,32 X=10,66 10,66*80%= 8,5 | S3: 8.5 | T3: 2- 23/04/2025 | U3: 3 Autores Decreto 1279 de 2002, artículo 10, numeral I, literal b "Los videos, cinematográficas o fonográficas realizadas con carácter documental tienen como tope, en cada caso, hasta el ochenta por ciento (80%) de lo señalado anteriormente" Al docente Jorge Eduardo Urrea Giraldo le fue aprobada la producción audiovisual en el CIARP 1 del 27/02/2025
K4: Jorge Eduardo Urrea Giraldo | Q4: Universidad del Quindío
K5: Camilo Andrés López Leal | Q5: Universidad del Quindío
O7: Total Puntos por Producción Audiovisual | S7: =SUM(S3:S6) -> 8.5
G12: __________________________________ | M12: _______________________________
G13: LINA MARCELA CRUZ CALDERÓN | M13: LUZ AMPARO CELIS BURITICÁ
G14: Técnico Oficina de Asuntos Profesorales | L14: Jefe Oficina Asuntos Profesorales y Secretaria Ejecutiva CIARP
G15: Proyectó y Elaboró | M15: Revisó

Sheet Libro_Res_Investigacion
A2: AÑO | B2: SEMESTRE | C2: No. | D2: NOMBRE DEL LIBRO | E2: ISBN | F2: FECHA DE PUBLICACIÓN | G2: EDITORIAL | H2: DOCUMENTO DE IDENTIFICACIÓN | I2: AUTORES | J2: ESCOLARIDAD | K2: CATEGORÍA | L2: TIEMPO DE DEDICACIÓN | M2: PROGRAMA ACADÉMICO | N2: FACULTAD | O2: UNIVERSIDAD. PARTICIPANT | P2: PAR EVALUADOR MINCIENCIAS 1 | Q2: PAR EVALUADOR MINCIENCIAS 2 | R2: NUMERO DE AUTORES | S2: PUNTOS ASIGNADOS | T2: ACTA Y FECHA CIARP | U2: OBSERVACIONES
A3: 2026 | B3: I | C3: 1 | D3: Disonancias del paisaje: análisis socioecosistémico del paisaje cultural cafetero | E3: 978-628-7699-94-6 | F3: 45526 | G3: Kinesis Ltda | H3: 52079098 | I3: LIGIA JANNETH MOLINA RICO | J3: Doctorado | K3: Asociado | L3: TC | M3: Licenciatura en Biología y Educación Ambiental | N3: Ciencias de la Educación | O3: Universidad del Quindío | P3: =AVERAGE(3,2,3,1,2) -> 2.2 | Q3: =AVERAGE(4.5,4.7,4.8,4.8,5) -> 4.76 | R3: 4 | S3: =(AVERAGE(P3, Q3)*4) / IF(R3<=3, 1, IF(R3<=5, 2, R3/2)) -> 6.96 | T3: 3- 30/05/2025 | U3: Artículo "Concepciones de los profesores sobre la enseñanza del uso sostenible del agua en educación media. El Paujil Caquetá, Amazonia Colombiana", Categoría B. Los puntos se pagarán a la docente Ligia Janneth Molina R. al término de la comisión académica-administrativa como decana de la Facultad de Ciencias de la Educación.
A4: 2026 | B4: I | C4: 1 | D4: Disonancias del paisaje: análisis socioecosistémico del paisaje cultural cafetero | E4: 978-628-7699-94-6 | F4: 45526 | G4: Kinesis Ltda | H4: 79567036 | I4: LEONARDO IVÁN QUINTANA URREA | J4: Maestría | K4: Asociado | L4: TC | M4: Trabajo Social | N4: Ciencias Humanas y Bellas Artes | O4: Universidad del Quindío | P4: =AVERAGE(3,2,3,1,2) -> 2.2 | Q4: =AVERAGE(4.5,4.7,4.8,4.8,5) -> 4.76 | R4: 4 | S4: =(AVERAGE(P4, Q4)*4) / IF(R4<=3, 1, IF(R4<=5, 2, R4/2)) -> 6.96 | T4: 3- 30/05/2025
A5: 2026 | B5: I | C5: 1 | D5: Disonancias del paisaje: análisis socioecosistémico del paisaje cultural cafetero | E5: 978-628-7699-94-6 | F5: 45526 | G5: Kinesis Ltda | H5: 24580571 | I5: ALBA LEONILDE SUAREZ ARIAS | J5: Doctorado | K5: Titular | L5: TC | M5: Trabajo Social | N5: Ciencias Humanas y Bellas Artes | O5: Universidad del Quindío | P5: =AVERAGE(3,2,3,1,2) -> 2.2 | Q5: =AVERAGE(4.5,4.7,4.8,4.8,5) -> 4.76 | R5: 4 | S5: =(AVERAGE(P5, Q5)*4) / IF(R5<=3, 1, IF(R5<=5, 2, R5/2)) -> 6.96 | T5: 3- 30/05/2025
I6: Norberto Marín Clavijo
O8: LIBROS PROD. INVESTIGACIÓN | S8: =SUM(S3:S7) -> 20.88
D11: __________________________________ | O11: ___________________________________
D12: LINA MARCELA CRUZ CALDERÓN | O12: _______________________________
D13: Técnico Oficina Asuntos Profesorales | O13: LUZ AMPARO CELIS BURITICÁ
D14: Proyectó y Elaboró | N14: Jefe Oficina Asuntos Profesorales y Secretaria Ejecutiva CIARP
O15: Revisó

Sheet Libro_Texto
A2: AÑO | B2: SEMESTRE | C2: No. | D2: NOMBRE DEL LIBRO TEXTO | E2: ISBN | F2: FECHA DE PUBLICACIÓN | G2: EDITORIAL | H2: ESPACIO ACADÉMICO | I2: DOCUMENTO DE IDENTIFICACIÓN | J2: AUTORES | K2: ESCOLARIDAD | L2: CATEGORÍA | M2: TIEMPO DE DEDICACIÓN | N2: PROGRAMA ACADÉMICO | O2: FACULTAD | P2: UNIVERSIDAD. PARTICIPANT | Q2: PAR EVALUADOR MINCIENCIAS 1 | R2: PAR EVALUADOR MINCIENCIAS 2 | S2: NUMERO DE AUTORES | T2: PUNTOS ASIGNADOS | U2: ACTA Y FECHA CIARP | V2: OBSERVACIONES
A3: 2025 | B3: I | C3: 1 | D3: Mercados financieros en el ámbito organizacional | E3: 978-628-7783-11-9 | F3: 45625 | G3: Kinesis Ltda | H3: Mercados Financieros | I3: 24580998 | J3: MARÍA CONSTANZA DÍAZ CRUZ | K3: Maestría | L3: Asociado | M3: TC | N3: Contaduría Pública | O3: Ciencias Económicas, Administrativas y Contables | P3: Universidad del Quindío | Q3: =AVERAGE(3,2,3,1) -> 2.25 | R3: =AVERAGE(4.5,4.7,4.8,4.8) -> 4.7 | S3: 5 | T3: =(AVERAGE(Q3, R3)*3) / IF(S3<=3, 1, IF(S3<=5, 2, S3/2)) -> 5.2125 | U3: 3- 30/05/2025
J4: Yaneth Ladino Villegas | P4: Universidad del Quindío
J5: Valeria Rivera Quiguanás | P5: Universidad del Quindío
A6: 2025 | B6: I | C6: 2 | D6: Generalidades del impuesto de renta de personas naturales en Colombia | E6: 978-628-7783-02-7 | F6: 45625 | G6: Kinesis Ltda | H6: Contabilidad Financiera I | I6: 9728326 | J6: RUBEN ANTONIO VÉLEZ RAMÍREZ | K6: Maestría | L6: Asistente | M6: TC | N6: Contaduría Pública | O6: Ciencias Económicas, Administrativas y Contables | P6: Universidad del Quindío | Q6: =AVERAGE(3,2,3,1) -> 2.25 | R6: =AVERAGE(4.5,4.7,4.8,4.8) -> 4.7 | S6: 8 | T6: =(AVERAGE(Q6, R6)*3) / IF(S6<=3, 1, IF(S6<=5, 2, S6/2)) -> 2.60625 | U6: 3- 30/05/2025
J7: Leidy Johanna Ramírez Ramírez | P7: Universidad del Quindío
J8: Lina María López Castañeda | P8: Universidad del Quindío
A9: 2025 | B9: I | C9: 3 | D9: De cero a económico: Explorando la economía | E9: 978-628-7783-03-4 | F9: 45625 | G9: Kinesis Ltda | H9: Microeconomia | I9: 89007946 | J9: CARLOS ANDRÉS GARCÍA GIRALDO | K9: Maestría | L9: Asistente | M9: TC | N9: Administración de Negocios | O9: Ciencias Económicas, Administrativas y Contables | P9: Universidad del Quindío | Q9: =AVERAGE(3,2,3,1) -> 2.25 | R9: =AVERAGE(4.5,4.7,4.8,4.8) -> 4.7 | S9: 11 | T9: =(AVERAGE(Q9, R9)*3) / IF(S9<=3, 1, IF(S9<=5, 2, S9/2)) -> 1.8954545 | U9: 3- 30/05/2025
J10: María Julieta Sánchez Mora | P10: Universidad del Quindío
J11: Dora Luz Álvarez García | P11: Universidad del Quindío
O13: TOTAL PUNTOS LIBROS TEXTO | T13: =SUM(T3:T12) -> 9.7142045
F16: __________________________________ | L16: _______________________________
F17: LINA MARCELA CRUZ CALDERÓN | M17: LUZ AMPARO CELIS BURITICÁ
F18: Técnico Oficina de Asuntos Profesorales | L18: Jefe Oficina Asuntos Profesorales y Secretaria Ejecutiva CIARP
F19: Proyectó y Elaboró | M19: Revisó

Sheet Premios
A2: AÑO | B2: SEMESTRE | C2: No. | D2: DOCUMENTO DE IDENTIFICACIÓN | E2: NOMBRE DEL DOCENTE | F2: ESCOLARIDAD | G2: CATEGORÍA | H2: TIEMPO DE DEDICACIÓN | I2: PROGRAMA ACADÉMICO | J2: FACULTAD | K2: TÍTULO DEL TRABAJO | L2: PREMIO O DISTINCIÓN | M2: ENTIDAD QUE OTORGA EL PREMIO | N2: FECHA OTORGAN PREMIO | O2: PUNTOS ASIGNADOS | P2: ACTA Y FECHA CIARP | Q2: OBSERVACIONES
A3: 2025 | B3: I | C3: 1 | D3: 46373917 | E3: ANA PATRICIA PÉREZ SAAVEDRA | F3: Maestría | G3: Asistente | H3: TC | I3: Enfermería | J3: Ciencias de la Salud | K3: Violencia simbólica y la enseñanza de enfermería en educación superior: Revisión sistemática exploratoria | L3: Tercer lugar de la categoría de Maestría: ponencia en modalidad de video | M3: Universidad de Sonora, Facultad Interdisciplinaria de Ciencias Biológicas y en Salud Departamento de Enfermería | N3: 19 de abril de 2024 | O3: 0 | P3: 3- 30/05/2025 | Q3: 2 Autores No cumple con lo establecido en el Decreto 1279 de 2002, artículo 24, numeral I, ítem g) Premio Nacionales e Internacionales. En los soportes no se evidencia la convocatoria publica a premio. Se adjunta el concepto del Grupo de Seguimiento al 1279 a la consulta 2021-ER-273316 que cita "Se aclara que, los reconocimientos a trabajos presentados en el marco de eventos académicos no corresponden a premios o distinciones salvo que cumplan los requisitos establecidos por el decreto, en especial, el reconocido prestigio de la institución otorgante y la existencia de una convocatoria de carácter nacional o internacional a participar por el premio o distinción (que no necesariamente coincide con la convocatoria a presentar trabajos en dicho evento académico) lo mismo que la claridad en su proceso de selección.”
E4: José Enver Ayala Zuluaga
L6: TOTAL PUNTOS PREMIOS | O6: =SUM(O3:O5) -> 0
F9: __________________________________ | K9: _______________________________
F10: LINA MARCELA CRUZ CALDERÓN | K10: LUZ AMPARO CELIS BURITICÁ
F11: Técnico Oficina de Asuntos Profesorales | K11: Jefe Oficina Asuntos Profesorales y Secretaria Ejecutiva CIARP
F12: Proyectó y Elaboró | K12: Revisó

Sheet Patentes
A2: AÑO | B2: SEMESTRE | C2: No. | D2: IDENTIFICACIÓN DEL AUTOR | E2: NOMBRES DE AUTORES PERTENECIENTES A UNIVERSIDADES | F2: PROGRAMA ACADÉMICO | G2: FACULTAD | H2: Tipo de producto | I2: Tipo de patente | J2: Nombre del producto | K2: Número de registro de la patente | L2: Fecha de aprobación de la patente | M2: Vigencia en años del producto | N2: Banco de patentes o entidad que expide el registro | O2: NUMERO DE AUTORES | P2: PUNTOS ASIGNADOS | Q2: ACTA Y FECHA CIARP | R2: OBSERVACIONES
A3: 2026 | B3: I | C3: 1 | D3: 16356361 | E3: HERNANDO CORREA GALLEGO | F3: Instituto Interdisciplinario de las Ciencias | G3: Ciencias Básicas y Tecnologías | H3: Patente de Invención | I3: De producto | J3: PROCESO DE FABRICACIÓN DE UNA PELÍCULA DE AISLAMIENTO ELÉCTRONICO BASADA EN ÓXIDOS DE COBRE PARA RECUBRIMIENTOS DE COBRE | K3: Res.No.13590 Ref. Expediente No. NC2019/0005187 | L3: 18 de marzo de 2022 | M3: 20 años | N3: Superintendencia de Industria y Comercio. | O3: 2 | P3: 0 | Q3: 3- 30/03/2023
A4: 2026 | B4: I | C4: 1 | D4: 41885303 | E4: LILIANA DEL SOCORRO TIRADO MEJÍA | F4: Instituto Interdisciplinario de las Ciencias | G4: Ciencias Básicas y Tecnologías | H4: Patente de Invención | I4: De producto | J4: PROCESO DE FABRICACIÓN DE UNA PELÍCULA DE AISLAMIENTO ELÉCTRONICO BASADA EN ÓXIDOS DE COBRE PARA RECUBRIMIENTOS DE COBRE | K4: Res.No.13590 Ref. Expediente No. NC2019/0005187 | L4: 18 de marzo de 2022 | M4: 20 años | N4: Superintendencia de Industria y Comercio. | O4: 2 | P4: 0 | Q4: 3- 30/03/2023
M6: TOTAL PUNTOS PATENTES | P6: =SUM(P3:P5) -> 0

Sheet Obras_Artisticas
A2: AÑO | B2: SEMESTRE | C2: No. | D2: NOMBRE DE LA OBRA ARTÍSTICA | E2: TIPO | F2: RECONOCIMIENTO SOLICITADO | G2: IMPÁCTO | H2: FECHA DE CREACIÓN DE LA OBRA / FECHA DE EXPOSICIÓN | I2: TÉCNICA UTILIZADA | J2: DOCUMENTO DE IDENTIFICACIÓN | K2: AUTORES | L2: ESCOLARIDAD | M2: CATEGORÍA | N2: TIEMPO DE DEDICACIÓN | O2: PROGRAMA ACADÉMICO | P2: FACULTAD | Q2: UNIVERSIDAD. PARTICIPANT | R2: PUNTOS EVALUACIÓN PARES MINCIENCIAS | S2: PUNTOS ASIGNADOS | T2: ACTA Y FECHA CIARP | U2: OBSERVACIONES
A3: 2025 | B3: I | C3: 1 | D3: Dimensiones | E3: Artes plásticas | F3: Creación original individual | G3: Internacional | H3: 10 al 15 de septiembre de 2024 | I3: Fotografía Dimensional | J3: 89004182 | K3: JORGE EDUARDO URREA GIRALDO | L3: Doctorado | M3: Asistente | N3: TC | O3: Comunicación Social - Periodismo | P3: Ciencias Humanas y Bellas Artes | Q3: Universidad del Quindío | R3: Eval.1= 4,0 Eval.2= 4,75 X= 4,375 X=4,375*4,0= 17,5 | S3: 0 | T3: 3- 30/05/2025 | U3: 1 Autor Al docente Jorge E. Urrea G. solo se le asignan 2.1 de 17.5 puntos, ya que alcanzó el tope máximo de puntos en su categoría de acuerdo a lo establecido en A.C.S 012 de 2009, Artículo Décimo
P5: TOTAL PUNTOS OBRA ARTISTICA | S5: =SUM(S3:S3) -> 0
G8: __________________________________ | L8: _______________________________
G9: LINA MARCELA CRUZ CALDERÓN | M9: LUZ AMPARO CELIS BURITICÁ
G10: Técnico Oficina de Asuntos Profesorales | L10: Jefe Oficina Asuntos Profesorales y Secretaria Ejecutiva CIARP
G11: Proyectó y Elaboró | M11: Revisó

Sheet Prod_Tecnica
A2: AÑO | B2: SEMESTRE | C2: No. | D2: NOMBRE DE LA PROUCCIÓN TÉCNICA | E2: TIPO DE PRODUCCIÓN | F2: AÑO DE PUBLICACIÓN | G2: DOCUMENTO DE IDENTIDAD | H2: AUTORES | I2: ESCOLARIDAD | J2: CATEGORÍA | K2: TIEMPO DE DEDICACIÓN | L2: PROGRAMA ACADÉMICO | M2: FACULTAD | N2: UNIVERSIDADES PARTICIPANTES | O2: PUNTOS EVALUACIÓN PARES MINCIENCIAS | P2: PUNTAJE ASIGNADO/ AUTOR | Q2: ACTA Y FECHA | R2: OBSERVACIÓN
A3: 2026 | B3: I | C3: 1 | D3: Construcción de un colector cilíndrico parabólico para el aprovechamiento de la energía solar | E3: Adaptación Tecnológica | F3: 2024 | G3: 89001325 | H3: CARLOS ANDRÉS CÁRDENAS VALENCIA | I3: Maestría | J3: Asociado | K3: TC | L3: Tecnología en Instrumentación Electrónica | M3: Ciencias Básicas y Tecnológias | N3: Universidad del Quindío | O3: Eval.1= 4,5 Eval.2= 3,94782609 X=8,44782609/2=4,2239 ≈4,2 | P3: 0 | Q3: 6- 29/08/2025 | R3: 3 Autores El calculo se realizó con base en la escala de calificación aprobada por el CIARP en el Acta No.6 de 2022 y con la escala de calificación (10) de la Res.00693 del 2004 de Minciencias. El resultado de la evaluación (4,2 puntos), no cumple con el puntaje de calidad que debe ser igual o superior al 60% (4,8 puntos) de la calificación máxima (8 puntos) para este producto académico, según lo acordado por el CIARP en el Acta 07 del 26/10/2016 como puntaje de calidad.
A4: 2026 | B4: I | C4: 1 | D4: Construcción de un colector cilíndrico parabólico para el aprovechamiento de la energía solar | E4: Adaptación Tecnológica | F4: 2024 | G4: 89007291 | H4: PABLO ANDRÉS MUÑOZ GUTIÉRREZ | I4: Doctorado | J4: Asociado | K4: TC | L4: Tecnología en Instrumentación Electrónica | M4: Ciencias Básicas y Tecnológias | N4: Universidad del Quindío | P4: 0
A5: 2026 | B5: I | C5: 1 | D5: Construcción de un colector cilíndrico parabólico para el aprovechamiento de la energía solar | E5: Adaptación Tecnológica | F5: 2024 | G5: 1094901176 | H5: DIEGO FERNANDO RAMÍREZ JIMÉNEZ | I5: Maestría | J5: Asistente | K5: TC | L5: Ingeniería Electrónica | M5: Ingeniería | N5: Universidad del Quindío | P5: 0
L7: TOTAL PUNTOS PRODUCCIÓN TÉCNICA | P7: =SUM(P3:P6) -> 0
F10: __________________________________ | K10: _______________________________
F11: LINA MARCELA CRUZ CALDERÓN | K11: LUZ AMPARO CELIS BURITICÁ
F12: Técnico Oficina de Asuntos Profesorales | K12: Jefe Oficina Asuntos Profesorales y Secretaria Ejecutiva CIARP
F13: Proyectó y Elaboró | K13: Revisó

Sheet Prod_Software
A2: AÑO | B2: SEMESTRE | C2: No. | D2: Identificación Libro/tomo/partida | E2: NOMBRE DEL SOFTWARE | F2: AÑO DE PUBLICACIÓN | G2: Documento de Identidad Autor-Docente | H2: AUTORES | I2: ESCOLARIDAD | J2: CATEGORÍA | K2: TIEMPO DE DEDICACIÓN | L2: PROGRAMA ACADÉMICO | M2: FACULTAD | N2: UNIVERSIDADES PARTICIPANTES | O2: PUNTAJE EVALUADORES | P2: PUNTAJE ASIGNADO/AUTOR (Escala 0 a 15) | Q2: ACTA Y FECHA | R2: OBSERVACIÓN
A3: 2025 | B3: II | C3: 1 | D3: 13-101-333 | E3: MMTOOL | F3: 45642 | G3: 16786435 | H3: WILLIAM JOSEPH GIRALDO OROZCO | I3: Doctorado | J3: Titular | K3: TC | L3: Ingeniería de Sistemas y Computación | M3: Ingeniería | N3: Universidad del Quindío | O3: Eval.1= 4,1 Eval.2= 4,37 X=4,235*3 = 12,705 ≈12,7 | P3: 12.7 | Q3: 7- 29/10/2025 | R3: 3 Autores Software de producción científica con generación de conocimiento
G4: 41948277 | H4: MARÍA LILI VILLEGAS RAMÍREZ | I4: Doctorado | J4: Titular | K4: TC | L4: Ingeniería de Sistemas y Computación | M4: Ingeniería | N4: Universidad del Quindío | P4: 12.7
G5: 41948811 | H5: ALEXANDRA RUIZ GAONA | I5: Doctorado | J5: Titular | K5: TC | L5: Ingeniería de Sistemas y Computación | M5: Ingeniería | N5: Universidad del Quindío | P5: 12.7
M7: TOTAL PUNTOS SOFTWARE | P7: =SUM(P3:P6) -> 38.1
E10: ________________________________ | M10: _______________________________
E11: LINA MARCELA CRUZ CALDERÓN | M11: LUZ AMPARO CELIS BURITICÁ
E12: Técnico Oficina Asuntos Profesorales | N12: Jefe Oficina Asuntos Profesorales y Secretaria Ejecutiva CIARP
E13: Proyectó y Elaboró | N13: Revisó

Sheet DAA
A1: OFICINA DE ASUNTOS PROFESORALES
A2: DESEMPEÑO ACADÉMICO - ADMINISTRATIVO 2025
A3: No. | B3: PROGRAMA | C3: DOC. DE IDENTIFICACIÓN | D3: NOMBRE | E3: FECHA DE INGRESO | F3: NIVEL DE FORMACIÓN | G3: CATEGORÍA | H3: RESULTADO EVALUACIÓN DOCENTE | I3: FECHA DE LA ULTIMA EVALUACIÓN | J3: PUNTOS POR DAA | K3: ESTADO | L3: OBSERVACIONES
A4: 1 | B4: Administración Financiera | C4: 29332068 | D4: ARRUBLA FRANCO MARIBETH | E4: 40203 | F4: Doctorado | G4: Titular | H4: 4.99 | I4: II/2025 | J4: 1.3 | K4: Academico-Administrativo | L4: Inició comisión académico-admon el 07/05/2025 como Directora del Programa de Administración Financiera (DAA 239/365*2= 1,30→ Total puntos= 1,3)
A5: 2 | B5: Biología | C5: 24675452 | D5: GIRALDO GARCÍA ALEJANDRA MARÍA | E5: 42955 | F5: Maestría | G5: Asistente | H5: 5 | I5: II/2025 | J5: 9 | K5: Academico-Administrativo | L5: Inició comisión académico-admon el 02/05/2023 como Vicerrectora de Extensión y Desarrollo Social
A6: 3 | B6: Contaduría Pública | C6: 328307 | D6: SIERRA PRIETO REINALDO | E6: 35828 | F6: Maestría | G6: Asistente | H6: 4.75 | I6: II/2025 | J6: 6 | K6: Cargo Academico-Administrativo | L6: Inició comisión académico-admon el 01/06/2023 como Decano de la Facultad de Ciencias Economicas
A7: 4 | B7: Economía | C7: 36310363 | D7: FLOREZ LAISECA ADRIANA MARÍA | E7: 42955 | F7: Maestría | G7: Asociado | H7: 4.77 | I7: II/2024 | J7: 2 | K7: Cargo Académico Adtivo | L7: Inició comisión académico-admon el 01/06/2023 como Directora del Programa de Economía
A8: 5 | B8: Física | C8: 70420310 | D8: GÓMEZ GONZÁLEZ EDGAR ARTURO | E8: 40973 | F8: Doctorado | G8: Asociado | H8: 5 | I8: II/2025 | J8: 2 | K8: Cargo Academico-Administrativo | L8: Inició comisión académico-admon el 01/06/2023 como Director del Programa de Física
A9: 6 | B9: Ingeniería Civil | C9: 18416179 | D9: POLANIA OBANDO LUIS FERNANDO | E9: 39199 | F9: Maestría | G9: Asociado | H9: 5 | I9: II/2022 | J9: 11 | K9: Cargo Academico-Administrativo | L9: Inició comisión académico-admon el 01/05/2023 como Rector, estaba en comisión académico-admon como Vicerrector de Extensión desde el 30/12/2015
A10: 7 | B10: Ingeniería Civil | C10: 7503647 | D10: SALAZAR SALAZAR ORLANDO | E10: 28185 | F10: Maestría | G10: Titular | H10: 5 | I10: II/2025 | J10: 9 | K10: Cargo Academico-Administrativo | L10: Inició comisión académico-admon el 02/05/2023 como Vicerrector Académico
A11: 8 | B11: Ingeniería Civil | C11: 30397494 | D11: VALENZUELA BOTERO CAROLINA | E11: 42955 | F11: Maestría | G11: Asistente | H11: 4.9 | I11: II/2025 | J11: 6 | K11: Cargo Academico-Administrativo | L11: Inició comisión académico-admon el 01/06/2023 como Decana de la Facultad de Ingeniería
A12: 9 | B12: Ingeniería de Alimentos | C12: 9732960 | D12: QUINTERO CASTAÑO VICTOR DUMAR | E12: 41872 | F12: Doctorado | G12: Titular | H12: 4.61 | I12: II/2025 | J12: 6 | K12: Cargo Academico-Administrativo | L12: Inició comisión académico-admon el 01/06/2023 como Decano de la Facultad de Ciencias Agroindustriales
A13: 10 | B13: Ingeniería de Sistemas y Computación | C13: 9736170 | D13: GIRALDO VELÁSQUEZ FABER DANILO | E13: 40959 | F13: Doctorado | G13: Asociado | H13: 5 | I13: II/2025 | J13: 9 | K13: Cargo Academico-Administrativo | L13: Inició comisión académico-admon el 02/05/2023 como Vicerrector de Investigación
A14: 11 | B14: Ingeniería de Sistemas y Computación | C14: 7558022 | D14: PULGARÍN GIRALDO ROBINSON | E14: 37165 | F14: Maestría | G14: Asociado | H14: 5 | I14: II/2025 | J14: 2 | K14: Cargo Academico-Administrativo | L14: Inició comisión académico-admon el 01/06/2023 como Director del Programa de Ingeniería de Sistemas
A15: 12 | B15: Ingeniería Topográfica y Geomática | C15: 7540648 | D15: DUQUE ARANGO JHON JAIRO | E15: 42955 | F15: Maestría | G15: Asociado | H15: 4.99 | I15: II/2025 | J15: 2 | K15: Cargo Academico-Administrativo | L15: Inició comisión académico-admon el 01/06/2023 como Director del Programa de Ingeniería Topográfica y Geomática
... A27: 24 | B27: Licenciatura en Matemática | C27: 14231147 | D27: CARMONA SUAREZ EDGAR JAVIER | E27: 34176 | F27: Doctorado | G27: Titular | H27: 4.58 | I27: II/2025 | J27: 1.9 | K27: Activo | L27: Inició comisión académico-admon el 16/10/2024 como Director del Programa de Lic. En Matemáticas, terminó comisión el 19/12/2025 (DAA 353/365*2= 1,93→ Total puntos= 1,9)
A29: Nota: El reconocimiento de los puntos por actividades académico-administrativas se realizó con base en lo dispuesto en el Decreto 1279 de 2002, artículo 17 y en el A.C.S No.012 de 2009, artículo cuarto.
D32: _________________________________ | G32: ______________________________
D33: LINA MARCELA CRUZ CALDERÓN | G33: LUZ AMPARO CELIS BURITICÁ
D34: Técnico Oficina Asuntos Profesorales | F34: Jefe Oficina Asuntos Profesorales y Secretaria Ejecutiva CIARP
D35: Proyectó y Elaboró | H35: Revisó

Sheet DDD_Auxiliar
A1: OFICINA DE ASUNTOS PROFESORALES
A2: DESEMPEÑO DESTACADO - DOCENTES DE CARRERA CATEGORÍA AUXILIAR - 2025
A3: No. | B3: PROGRAMA | C3: DOC. DE IDENTIFICACIÓN | D3: NOMBRE | E3: FECHA DE INGRESO | F3: NIVEL DE FORMACIÓN | G3: CATEGORÍA | H3: RESULTADO EVALUACIÓN DOCENTE | I3: FECHA DE LA ULTIMA EVALUACIÓN | J3: PUNTOS POR DESEMPEÑO DESTACADO | K3: ESTADO | L3: OBSERVACIONES
A4: 1 | B4: Seguridad y Salud en el Trabajo | C4: 14702760 | D4: PÉREZ PENAGOS JOHN JAMES | E4: 45107 | F4: Maestría | G4: Auxiliar | H4: 4.97 | I4: II/2023 | J4: 2 | K4: Activo
A5: 2 | B5: Administración Financiera | C5: 41916725 | D5: ROMÁN VALENCIA BERLY | E5: 44963 | F5: Maestría | G5: Auxiliar | H5: 4.95 | I5: II/2023 | J5: 2 | K5: Activo
A6: 3 | B6: Zootecnia | C6: 18495531 | D6: GUTIÉRREZ ROBLEDO RAMÓN | E6: 44963 | F6: Maestría | G6: Auxiliar | H6: 4.95 | I6: II/2023 | J6: 2 | K6: Activo
A7: 4 | B7: Ciencia de la Información y Documentación, Bibliotecología y Archivística | C7: 41955076 | D7: RAMÍREZ AGUDELO ANGÉLICA MARÍA | E7: 45078 | F7: Maestría | G7: Auxiliar | H7: 4.94 | I7: I/2024 | J7: 2 | K7: Activo
A8: 5 | B8: Seguridad y Salud en el Trabajo | C8: 29505841 | D8: RODRÍGUEZ IDROBO NASLY CRISTINA | E8: 44963 | F8: Maestría | G8: Auxiliar | H8: 4.92 | I8: II/2023 | J8: 2 | K8: Activo
A9: 6 | B9: Medicina - M.T. | C9: 18593326 | D9: SÁNCHEZ VALLEJO JAIME | E9: 40392 | F9: Especialización | G9: Auxiliar | H9: 4.9 | I9: II/2024 | J9: 2 | K9: Activo
A10: 7 | B10: Seguridad y Salud en el Trabajo | C10: 9726715 | D10: SAZA RAMÍREZ NOLBEDIR | E10: 44963 | F10: Maestría | G10: Auxiliar | H10: 4.9 | I10: II/2023 | J10: 2 | K10: Activo
A11: 8 | B11: Artes Visuales | C11: 41914131 | D11: GUTIERREZ MORENO MILDRED EUGENIA | E11: 41872 | F11: Maestría | G11: Auxiliar | H11: 4.89 | I11: II/2024 | J11: 2 | K11: Activo
A12: 9 | B12: Administración de Negocios | C12: 1094947500 | D12: TORRES QUINTERO LAURA LICETH | E12: 44963 | F12: Doctorado | G12: Auxiliar | H12: 4.88 | I12: II/2023 | J12: 2 | K12: Activo
A13: 10 | B13: Enfermería | C13: 30399579 | D13: CORREA SUÁREZ GLORIA MARCELA | E13: 42955 | F13: Maestría | G13: Auxiliar | H13: 4.86 | I13: II/2025 | J13: 2 | K13: Activo
A14: 11 | B14: Ingeniería Civil | C14: 89008169 | D14: CUÉLLAR REYES ÁLVARO JAVIER | E14: 44963 | F14: Maestría | G14: Auxiliar | H14: 4.84 | I14: II/2023 | J14: 2 | K14: Activo
A15: 12 | B15: Licenciatura en Lenguas Modernas con Énfasis en Inglés y Francés | C15: 7561489 | D15: CALDERÓN BENAVIDES JHON JAIRO | E15: 39664 | F15: Maestría | G15: Auxiliar | H15: 4.83 | I15: II/2024 | J15: 2 | K15: Activo
... A22: 19 | B22: Ingeniería Civil | C22: 34554225 | D22: GUZMÁN MELENDEZ MARIA ROSA | E22: 38376 | F22: Maestría | G22: Auxiliar | H22: 4.68 | I22: II/2025 | J22: 2 | K22: Activo
A23: CIERRE 4,68
A25: Nota: El reconocimiento de los puntos por desempeño destacado docente en la categoría Auxiliar, se realizó con base en lo dispuesto en el Decreto 1279 de 2002, artículo 18, numeral I y en el A.C.S No.012 de 2009, artículo tercero.
D28: _______________________________ | G28: _________________________________
D29: LINA MARCELA CRUZ CALDERÓN | G29: LUZ AMPARO CELIS BURITICÁ
D30: Técnico Oficina Asuntos Profesorales | G30: Jefe Oficina Asuntos Profesorales y Secretaria Ejecutiva CIARP
D31: Proyectó y Elaboró | H31: Revisó

Sheet DDD_Asistente
A1: OFICINA DE ASUNTOS PROFESORALES
A2: DESEMPEÑO DESTACADO - DOCENTES DE CARRERA CATEGORÍA ASISTENTE - 2025
A3: No. | B3: PROGRAMA | C3: DOC. DE IDENTIFICACIÓN | D3: NOMBRE | E3: FECHA DE INGRESO | F3: NIVEL DE FORMACIÓN | G3: CATEGORÍA | H3: RESULTADO EVALUACIÓN DOCENTE | I3: FECHA DE LA ULTIMA EVALUACIÓN | J3: PUNTOS POR DESEMPEÑO DESTACADO | K3: ESTADO | L3: OBSERVACIONES
A4: 1 | B4: Administración Financiera | C4: 29226257 | D4: CAICEDO GONZÁLEZ IVONNE | E4: 44963 | F4: Maestría | G4: Asistente | H4: 5 | I4: II/2025 | J4: 3 | K4: Activo
A5: 2 | B5: Ingeniería Topográfica y Geomática | C5: 18470142 | D5: LONDOÑO PINILLA DARÍO FERNANDO | E5: 44963 | F5: Maestría | G5: Asistente | H5: 4.99 | I5: II/2023 | J5: 3 | K5: Activo
A6: 3 | B6: Licenciatura en Lenguas Modernas con Énfasis en Inglés y Francés | C6: 1102042502 | D6: REYES GALEANO CRISTIAN CAMILO | E6: 44963 | F6: Doctorado | G6: Asistente | H6: 4.99 | I6: II/2023 | J6: 2.7 | K6: Activo | L6: Ascenso a categoría Asistente a partir del 22/04/2025 (DDD Auxliar 111/365*2= 0,6 y DDD Asistente 254/365*3= 2,1 → Total puntos=2,7)
A7: 4 | B7: Medicina | C7: 39789083 | D7: CABEZA ACEVEDO NANCY YHOMARA | E7: 40203 | F7: Especialización | G7: Asistente | H7: 4.98 | I7: I/2023 | J7: 3 | K7: Activo
A8: 5 | B8: Medicina - M.T. | C8: 41941200 | D8: GAITAN BUITRAGO MARÍA HELENA | E8: 40392 | F8: Doctorado | G8: Asistente | H8: 4.98 | I8: I/2025 | J8: 3 | K8: Activo
A9: 6 | B9: Licenciatura en Lenguas Modernas con Énfasis en Inglés y Francés | C9: 41937649 | D9: RICO BUITRAGO LARISSA TATIANA | E9: 42955 | F9: Maestría | G9: Asistente | H9: 4.97 | I9: I/2025 | J9: 3 | K9: Activo
A10: 7 | B10: Química | C10: 41961829 | D10: BLACH VARGAS DIANA | E10: 44963 | F10: Doctorado | G10: Asistente | H10: 4.97 | I10: II/2023 | J10: 3 | K10: Activo
A11: 8 | B11: Ingeniería Topográfica y Geomática | C11: 88141692 | D11: VILA ORTEGA JOSE JOAQUIN | E11: 34834 | F11: Doctorado | G11: Asistente | H11: 4.96 | I11: II/2025 | J11: 3 | K11: Activo
A12: 9 | B12: Ciencia de la Información y Documentación, Bibliotecología y Archivística | C12: 1094878677 | D12: HERNÁNDEZ CARVAJAL ANDRÉS MAURICIO | E12: 45091 | F12: Maestría | G12: Asistente | H12: 4.95 | I12: I/2024 | J12: 3 | K12: Activo
A13: 10 | B13: Ingeniería Electrónica | C13: 16747204 | D13: IBARGUEN OCAMPO FRANCISCO JAVIER | E13: 37159 | F13: Maestría | G13: Asistente | H13: 4.95 | I13: II/2025 | J13: 3 | K13: Activo
A14: 11 | B14: Ingeniería Electrónica | C14: 1094901176 | D14: RAMÍREZ JIMÉNEZ DIEGO FERNANDO | E14: 44977 | F14: Maestría | G14: Asistente | H14: 4.95 | I14: II/2023 | J14: 3 | K14: Activo
A15: 12 | B15: Tecnología en Obras Civiles | C15: 9805077 | D15: BOTERO ECHEVERRY GUSTAVO | E15: 35828 | F15: Especialización | G15: Asistente | H15: 4.95 | I15: II/2013 | J15: 3 | K15: Activo
A16: 13 | B16: Licenciatura en Literatura y Lengua Castellana | C16: 41943583 | D16: VALENCIA LEGUIZAMÓN LINA MARIANA | E16: 44963 | F16: Doctorado | G16: Asistente | H16: 4.94 | I16: II/2023 | J16: 3 | K16: Activo
A17: 14 | B17: Trabajo Social | C17: 24344593 | D17: CARDONA HERNÁNDEZ LEIDY CAROLINA | E17: 44963 | F17: Doctorado | G17: Asistente | H17: 4.94 | I17: II/2023 | J17: 3 | K17: Activo
A18: 15 | B18: Ingeniería de Sistemas y Computación | C18: 16512197 | D18: ROMERO CUERO EDWIN | E18: 44963 | F18: Maestría | G18: Asistente | H18: 4.93 | I18: II/2023 | J18: 3 | K18: Activo
... A22: 19 | B22: Comunicación Social - Periodismo | C22: 89004182 | D22: URREA GIRALDO JORGE EDUARDO | E22: 44963 | F22: Doctorado | G22: Asistente | H22: 4.92 | I22: II/2023 | J22: 3 | K22: Activo
A23: 20 | B23: Enfermería | C23: 38794076 | D23: CORTÉS GALLEGO MÓNICA MARÍA | E23: 44967 | F23: Doctorado | G23: Asistente | H23: 4.92 | I23: II/2025 | J23: 2.2 | K23: Activo | L23: Ascenso a categoría Asistente a partir del 22/04/2025 (DDD Auxliar 321/365*2= 1,8 y DDD Asistente 44/365*3= 0,4 → Total puntos=2,2)
A24: 21 | B24: Ingeniería Electrónica | C24: 94528666 | D24: VERA TASAMA ALEXANDER | E24: 38762 | F24: Doctorado | G24: Asistente | H24: 4.92 | I24: II/2024 | J24: 3 | K24: Activo
A25: 22 | B25: Licenciatura en Educación Física, Recreación y Deportes | C25: 1094885534 | D25: TABARES RAMÍREZ CARLOS ANDRÉS | E25: 44963 | F25: Doctorado | G25: Asistente | H25: 4.92 | I25: II/2023 | J25: 3 | K25: Activo
A26: 23 | B26: Medicina - M.T. | C26: 71600566 | D26: COLONIA GUTIÉRREZ OSCAR ALBERTO | E26: 34974 | F26: Maestría | G26: Asistente | H26: 4.92 | I26: II/2024 | J26: 3 | K26: Activo
A27: CIERRE 4,92
A29: Nota: El reconocimiento de los puntos por desempeño destacado docente en la categoría Asistente, se realizó con base en lo dispuesto en el Decreto 1279 de 2002, artículo 18, numeral I y en el A.C.S No.012 de 2009, artículo tercero.
D32: _________________________________ | G32: ______________________________
D33: LINA MARCELA CRUZ CALDERÓN | G33: LUZ AMPARO CELIS BURITICÁ
D34: Técnico Oficina Asuntos Profesorales | G34: Jefe Oficina Asuntos Profesorales y Secretaria Ejecutiva CIARP
D35: Proyectó y Elaboró | H35: Revisó

Sheet DDD_Asociado
A1: OFICINA DE ASUNTOS PROFESORALES
A2: DESEMPEÑO DESTACADO - DOCENTES DE CARRERA CATEGORÍA ASOCIADO - 2025
A3: No. | B3: PROGRAMA | C3: DOC. DE IDENTIFICACIÓN | D3: NOMBRE | E3: FECHA DE INGRESO | F3: NIVEL DE FORMACIÓN | G3: CATEGORÍA | H3: RESULTADO EVALUACIÓN DOCENTE | I3: FECHA DE LA ULTIMA EVALUACIÓN | J3: PUNTOS POR EXPERIENCIA CALIFICADA | K3: ESTADO | L3: OBSERVACIONES
A4: 1 | B4: Licenciatura en Literatura y Lengua Castellana | C4: 9772119 | D4: ZAMBRANO VALENCIA JUAN DAVID | E4: 42955 | F4: Maestría | G4: Asociado | H4: 4.98 | I4: II/2024 | J4: 4 | K4: Activo
A5: 2 | B5: Licenciatura en Matemática | C5: 41939761 | D5: OSPINA MARULANDA LILIANA PATRICIA | E5: 40203 | F5: Doctorado | G5: Asociado | H5: 4.98 | I5: I/2025 | J5: 4 | K5: Activo
A6: 3 | B6: Tecnología en Instrumentación Electrónica | C6: 89007291 | D6: MUÑOZ GUTIERREZ PABLO ANDRES | E6: 39142 | F6: Doctorado | G6: Asociado | H6: 4.98 | I6: I/2024 | J6: 3.9 | K6: Activo | L6: Ascenso a categoría Asociado a partir del 30/01/2025 (DDD Asistente 29/365*3= 0,2 y DDD Asociado 336/365*4= 3,7 → Total puntos= 3,9)
A7: 4 | B7: Ingeniería de Sistemas y Computación | C7: 18397507 | D7: SEPÚLVEDA RODRÍGUEZ LUIS EDUARDO | E7: 41872 | F7: Doctorado | G7: Asociado | H7: 4.97 | I7: I/2025 | J7: 4 | K7: Activo
A8: 5 | B8: Gerontología | C8: 41914225 | D8: GIRALDO ZULUAGA GLORIA AMPARO | E8: 42955 | F8: Maestría | G8: Asociado | H8: 4.96 | I8: I/2025 | J8: 4 | K8: Activo
A9: 6 | B9: Gerontología | C9: 34536538 | D9: LÓPEZ CARDOZO LILIA INÉS | E9: 42955 | F9: Maestría | G9: Asociado | H9: 4.96 | I9: I/2025 | J9: 4 | K9: Activo
A10: 7 | B10: Ingeniería de Alimentos | C10: 43876871 | D10: AGUDELO LAVERDE LINA MARCELA | E10: 41963 | F10: Post-Doctorado | G10: Asociado | H10: 4.96 | I10: II/2024 | J10: 4 | K10: Activo
A11: 8 | B11: Ingeniería de Alimentos | C11: 79326473 | D11: LUNA RAMÍREZ JULIO CÉSAR | E11: 41673 | F11: Doctorado | G11: Asociado | H11: 4.96 | I11: II/2025 | J11: 4 | K11: Activo
A12: 9 | B12: Licenciatura en Literatura y Lengua Castellana | C12: 8152735 | D12: CARO LOPERA MIGUEL ÁNGEL | E12: 40203 | F12: Doctorado | G12: Asociado | H12: 4.96 | I12: II/2025 | J12: 4 | K12: Activo
A13: 10 | B13: Ingeniería Electrónica | C13: 18399636 | D13: LÓPEZ PARRADO ALEXANDER | E13: 40203 | F13: Doctorado | G13: Asociado | H13: 4.95 | I13: II/2025 | J13: 4 | K13: Activo
A14: 11 | B14: Contaduría Pública | C14: 24580998 | D14: DíAZ CRUZ MARIA CONSTANZA | E14: 39660 | F14: Maestría | G14: Asociado | H14: 4.94 | I14: II/2025 | J14: 4 | K14: Activo
A15: 12 | B15: Trabajo Social | C15: 42144287 | D15: GIL RÍOS ANA MARÍA | E15: 41872 | F15: Doctorado | G15: Asociado | H15: 4.94 | I15: I/2025 | J15: 4 | K15: Activo
A16: 13 | B16: Contaduría Pública | C16: 41935858 | D16: LÓPEZ CASTAÑEDA LINA MARÍA | E16: 40947 | F16: Maestría | G16: Asociado | H16: 4.93 | I16: II/2024 | J16: 3.7 | K16: Activo | L16: Ascenso a categoría Asociado a partir del 22/04/2025 (DDD Asistente 111/365*3= 0,9 y DDD Asociado 254/365*4= 2,8 → Total puntos= 3,7)
A17: 14 | B17: Licenciatura en Biología y Educación Ambiental | C17: 52377890 | D17: MOLANO NIÑO ALBA CAROLINA | E17: 42955 | F17: Doctorado | G17: Asociado | H17: 4.93 | I17: II/2024 | J17: 4 | K17: Activo
A18: 15 | B18: Licenciatura en Lenguas Modernas con Énfasis en Inglés y Francés | C18: 18387759 | D18: HERRERA PINEDA JORGE HERNÁN | E18: 40947 | F18: Maestría | G18: Asociado | H18: 4.93 | I18: II/2025 | J18: 4 | K18: Activo
A19: 16 | B19: Química | C19: 41902205 | D19: DUQUE CIFUENTES ALBA LUCIA | E19: 35828 | F19: Maestría | G19: Asociado | H19: 4.93 | I19: II/2024 | J19: 4 | K19: Activo
A20: 17 | B20: Trabajo Social | C20: 79567036 | D20: QUINTANA URREA LEONARDO IVAN | E20: 43864 | F20: Maestría | G20: Asociado | H20: 4.93 | I20: II/2023 | J20: 4 | K20: Activo
A21: 18 | B21: Ingeniería Civil | C21: 89006026 | D21: GARCÍA REINOSO PEDRO LEÓN | E21: 39142 | F21: Maestría | G21: Asociado | H21: 4.92 | I21: II/2025 | J21: 4 | K21: Activo
A22: 19 | B22: Ingeniería de Sistemas y Computación | C22: 94286282 | D22: CANDELA URIBE CHIRISTIAN ANDRÉS | E22: 40203 | F22: Doctorado | G22: Asociado | H22: 4.92 | I22: I/2025 | J22: 4 | K22: Activo
A23: 20 | B23: Ingeniería de Sistemas y Computación | C23: 18401163 | D23: TRIVIÑO ARBELAEZ JORGE IVÁN | E23: 43864 | F23: Maestría | G23: Asociado | H23: 4.92 | I23: II/2025 | J23: 3.1 | K23: Activo | L23: Ascenso a categoría Asociado a partir del 18/11/2025 (DDD Asistente 321/365*3= 2,6 y DDD Asociado 44/365*4= 0,5 → Total puntos= 3,1)
A24: CIERRE 4,92
A26: Nota: El reconocimiento de los puntos por desempeño destacado docente en la categoría Asociado, se realizó con base en lo dispuesto en el Decreto 1279 de 2002, artículo 18, numeral I y en el A.C.S No.012 de 2009, artículo tercero.
D29: _______________________________ | G29: _________________________________
D30: LINA MARCELA CRUZ CALDERÓN | G30: LUZ AMPARO CELIS BURITICÁ
D31: Técnico Oficina Asuntos Profesorales | G31: Jefe Oficina Asuntos Profesorales y Secretaria Ejectuiva CIARP
D32: Proyectó y Elaboró | H32: Revisó

Sheet DDD_Titular
A1: OFICINA DE ASUNTOS PROFESORALES
A2: DESEMPEÑO DESTACADO - DOCENTES DE CARRERA CATEGORÍA TITULAR - 2025
A3: No. | B3: PROGRAMA | C3: DOC. DE IDENTIFICACIÓN | D3: NOMBRE | E3: FECHA DE INGRESO | F3: NIVEL DE FORMACIÓN | G3: CATEGORÍA | H3: RESULTADO EVALUACIÓN DOCENTE | I3: FECHA DE LA ULTIMA EVALUACIÓN | J3: PUNTOS POR DESEMPEÑO DESTACADO | K3: ESTADO | L3: OBSERVACIONES
A4: 1 | B4: Instituto Interdisciplinario de la Ciencia | C4: 16356361 | D4: CORREA GALLEGO HERNANDO | E4: 36923 | F4: Doctorado | G4: Titular | H4: 5 | I4: II/2025 | J4: 5 | K4: Activo
A5: 2 | B5: Tecnología en Instrumentación Electrónica | C5: 89001416 | D5: PRIAS BARRAGAN JHON JAIRO | E5: 39664 | F5: Doctorado | G5: Titular | H5: 5 | I5: I/2024 | J5: 5 | K5: Activo
A6: 3 | B6: Licenciatura en Literatura y Lengua Castellana | C6: 94501347 | D6: ACEVEDO CARVAJAL JUAN MANUEL | E6: 41673 | F6: Doctorado | G6: Titular | H6: 4.99 | I6: I/2025 | J6: 5 | K6: Activo
A7: 4 | B7: Licenciatura en Matemática | C7: 4376943 | D7: ACOSTA MINOLI CÉSAR AUGUSTO | E7: 38027 | F7: Doctorado | G7: Titular | H7: 4.98 | I7: II/2023 | J7: 5 | K7: Activo
A8: 5 | B8: Zootecnia | C8: 10276247 | D8: REYES PINEDA HENRY | E8: 40210 | F8: Doctorado | G8: Titular | H8: 4.98 | I8: I/2025 | J8: 5 | K8: Activo
A9: 6 | B9: Licenciatura en Lenguas Modernas con Énfasis en Inglés y Francés | C9: 41936764 | D9: BOTERO RESTREPO MARGARITA ALEXANDRA | E9: 41872 | F9: Doctorado | G9: Titular | H9: 4.97 | I9: I/2025 | J9: 4.9 | K9: Activo | L9: Ascenso a categoría Titular a partir del 30/01/2025 (DDD Asociado 29/365*4= 0,3 y DDD Titular 336/365*5= 4,6 → Total puntos= 4,9)
A10: 7 | B10: Licenciatura en Matemática | C10: 14241527 | D10: ALDANA BERMÚDEZ ELIECER | E10: 37698 | F10: Doctorado | G10: Titular | H10: 4.97 | I10: II/2025 | J10: 5 | K10: Activo
A11: 8 | B11: Licenciatura Educación Infantil | C11: 41931649 | D11: JIMÉNEZ ROJAS ANGELA MARÍA | E11: 41872 | F11: Doctorado | G11: Titular | H11: 4.96 | I11: I/2025 | J11: 5 | K11: Activo
A12: 9 | B12: Ciencia de la Información y Documentación, Bibliotecología y Archivística | C12: 41942253 | D12: CASTRO BENAVIDES LINA MARÍA | E12: 41872 | F12: Doctorado | G12: Titular | H12: 4.94 | I12: II/2023 | J12: 4.1 | K12: Activo | L12: Ascenso a categoría Titular a partir del 18/11/2025 (DDD Asociado 321/365*4= 3,5 y DDD Titular 44/365*5= 0,6 → Total puntos= 4,1)
A13: 10 | B13: Instituto Interdisciplinario de la Ciencia | C13: 41885303 | D13: TIRADO MEJIA LILIANA DEL SOCORRO | E13: 35828 | F13: Doctorado | G13: Titular | H13: 4.94 | I13: I/2024 | J13: 5 | K13: Activo
A14: 11 | B14: Ingeniería de Sistemas y Computación | C14: 89004671 | D14: CARDONA TORRES SERGIO AUGUSTO | E14: 38985 | F14: Doctorado | G14: Titular | H14: 4.93 | I14: I/2025 | J14: 5 | K14: Activo
A15: 12 | B15: Tecnología en Instrumentación Electrónica | C15: 16209177 | D15: GARCÍA ARIAS RAMIRO | E15: 31810 | F15: Maestría | G15: Titular | H15: 4.93 | I15: II/2024 | J15: 5 | K15: Activo
A16: 13 | B16: Biología | C16: 94378416 | D16: VARGAS SALINAS FERNANDO | E16: 41436 | F16: Doctorado | G16: Titular | H16: 4.92 | I16: I/2025 | J16: 5 | K16: Activo
A17: 14 | B17: Contaduría Pública | C17: 89000779 | D17: MEJÍA SOTO EUTIMIO | E17: 38777 | F17: Doctorado | G17: Titular | H17: 4.92 | I17: II/2024 | J17: 5 | K17: Activo
A18: 15 | B18: Contaduría Pública | C18: 18385247 | D18: RAMÍREZ LOZANO JAMES | E18: 38027 | F18: Maestría | G18: Titular | H18: 4.92 | I18: II/2024 | J18: 5 | K18: Activo
A19: 16 | B19: Ingeniería Electrónica | C19: 76316780 | D19: BERMÚDEZ OROZCO HECTOR FABIO | E19: 38376 | F19: Doctorado | G19: Titular | H19: 4.92 | I19: I/2024 | J19: 5 | K19: Activo
A20: 17 | B20: Licenciatura Educación Infantil | C20: 41885800 | D20: SALAZAR ARBELÁEZ CARMEN ALICIA | E20: 32554 | F20: Maestría | G20: Titular | H20: 4.92 | I20: II/2025 | J20: 5 | K20: Activo
A21: 18 | B21: Ingeniería Topográfica y Geomática | C21: 7540504 | D21: JIMENEZ CLEVES GONZALO | E21: 34171 | F21: Maestría | G21: Titular | H21: 4.91 | I21: I/2024 | J21: 5 | K21: Activo
A22: 19 | B22: Licenciatura en Educación Física, Recreación y Deportes | C22: 17655304 | D22: SÁNCHEZ MUÑOZ JUAN CARLOS | E22: 40947 | F22: Doctorado | G22: Titular | H22: 4.9 | I22: II/2021 | J22: 2.7 | K22: Activo | L22: Inició comisión académico-admon el 24/07/2023 como Director del Programa de Lic. En Educación Física, terminó comisión el 20/06/2025 (DAA 194/365*5= 2,65→ Total puntos= 2,7)
A23: 20 | B23: Licenciatura en Matemática | C23: 18492637 | D23: TORO ZAPATA HERNÁN DARIO | E23: 41872 | F23: Doctorado | G23: Titular | H23: 4.9 | I23: II/2025 | J23: 5 | K23: Activo
A24: CIERRE 4,90
A26: Nota: El reconocimiento de los puntos por desempeño destacado docente en la categoría Titular, se realizó con base en lo dispuesto en el Decreto 1279 de 2002, artículo 18, numeral I y en el A.C.S No.012 de 2009, artículo tercero.
D29: _______________________________ | G29: _________________________________
D30: LINA MARCELA CRUZ CALDERÓN | G30: LUZ AMPARO CELIS BURITICÁ
D31: Técnico Oficina Asuntos Profesorales | G31: Jefe Oficina Asuntos Profesorales y Secretaria Ejecutiva CIARP
D32: Proyectó y Elaboró | H32: Revisó

Sheet Exp_Calificada
A1: OFICINA DE ASUNTOS PROFESORALES
A2: INFORME EXPERIENCIA CALIFICADA DOCENTES DE CARRERA - 2025
A3: No. | B3: PROGRAMA | C3: DOC. DE IDENTIFICACIÓN | D3: NOMBRE | E3: FECHA DE INGRESO | F3: NIVEL DE FORMACIÓN | G3: CATEGORÍA | H3: RESULTADO EVALUACIÓN DOCENTE | I3: FECHA DE LA ULTIMA EVALUACIÓN | J3: PUNTOS POR EXPERIENCIA CALIFICADA | K3: ESTADO | L3: OBSERVACIONES
A4: 1 | B4: Administración de Negocios | C4: 24606935 | D4: BERMUDEZ RESTREPO CAROLINA | E4: 43864 | F4: Maestría | G4: Auxiliar | H4: 4.88 | I4: II/2020 | J4: 2 | K4: Activo | L4: Comision de estudios aprobada en sesión del Consejo Superior, resolución No. 117 del 19 de agosto de 2022 . Del 27 de enero de 2023 hasta 26 de enero de 2027.
A5: 2 | B5: Administración de Negocios | C5: 89007946 | D5: GARCÍA GIRALDO CARLOS ANDRÉS | E5: 44963 | F5: Maestría | G5: Asistente | H5: 4.63 | I5: II/2023 | J5: 2 | K5: Activo
A6: 3 | B6: Administración de Negocios | C6: 24809412 | D6: GIRALDO CORREA MARÍA PATRICIA | E6: 42955 | F6: Doctorado | G6: Asociado | H6: 4.78 | I6: II/2025 | J6: 2 | K6: Activo | L6: Inició comisión académico-admon el 01/06/2023 como Directora del Programa de Administración de Negocios, terminó comisión el 20/06/2025
A7: 4 | B7: Administración de Negocios | C7: 41935384 | D7: GUZMAN DIAZ BEATRIZ ELENA | E7: 41436 | F7: Maestría | G7: Titular | H7: 4.89 | I7: I/2024 | J7: 2 | K7: Activo
A8: 5 | B8: Administración de Negocios | C8: 7558182 | D8: JARAMILLO LOTERO RAFAEL ALEXANDER | E8: 43864 | F8: Maestría | G8: Asistente | H8: 4.88 | I8: I/2023 | J8: 2 | K8: Activo
A9: 6 | B9: Administración de Negocios | C9: 7557752 | D9: PARRA HERNANDEZ RAMIRO | E9: 39664 | F9: Maestría | G9: Asociado | H9: 4.91 | I9: II/2025 | J9: 2 | K9: Activo
A10: 7 | B10: Administración de Negocios | C10: 1094947500 | D10: TORRES QUINTERO LAURA LICETH | E10: 44963 | F10: Doctorado | G10: Auxiliar | H10: 4.88 | I10: II/2023 | J10: 2 | K10: Activo
A11: 8 | B11: Administración Financiera | C11: 29332068 | D11: ARRUBLA FRANCO MARIBETH | E11: 40203 | F11: Doctorado | G11: Titular | H11: 4.99 | I11: II/2025 | J11: 2 | K11: Academico-Administrativo | L11: Inició comisión académico-admon el 07/05/2025 como Directora del Programa de Administración Financiera
A12: 9 | B12: Administración Financiera | C12: 29226257 | D12: CAICEDO GONZÁLEZ IVONNE | E12: 44963 | F12: Maestría | G12: Asistente | H12: 5 | I12: II/2025 | J12: 2 | K12: Activo
A13: 10 | B13: Administración Financiera | C13: 7554040 | D13: HOYOS WALTEROS HERNAN | E13: 39660 | F13: Maestría | G13: Titular | H13: 4.83 | I13: II/2025 | J13: 2 | K13: Activo
A14: 11 | B14: Administración Financiera | C14: 41916725 | D14: ROMÁN VALENCIA BERLY | E14: 44963 | F14: Maestría | G14: Auxiliar | H14: 4.95 | I14: II/2023 | J14: 2 | K14: Activo
A15: 12 | B15: Artes Visuales | C15: 7551802 | D15: CASTAÑEDA PATIÑO JUAN CARLOS | E15: 43951 | F15: Doctorado | G15: Asistente | H15: 4.62 | I15: II/2024 | J15: 2 | K15: Activo
A16: 13 | B16: Artes Visuales | C16: 41914131 | D16: GUTIERREZ MORENO MILDRED EUGENIA | E16: 41872 | F16: Maestría | G16: Auxiliar | H16: 4.89 | I16: II/2024 | J16: 2 | K16: Activo
A17: 14 | B17: Artes Visuales | C17: 9727322 | D17: MARTÍNEZ PLAZAS MARIO ANDRÉS | E17: 44963 | F17: Maestría | G17: Auxiliar | H17: 4.2 | I17: I/2025 | J17: 1.6 | K17: Activo
A18: 15 | B18: Biología | C18: 94287028 | D18: AGUILLÓN OSMA JOHANNY | E18: 44967 | F18: Doctorado | G18: Asistente | H18: 4.83 | I18: II/2023 | J18: 2 | K18: Activo
A19: 16 | B19: Biología | C19: 9732828 | D19: AGUIRRE OBANDO OSCAR ALEXANDER | E19: 43878 | F19: Doctorado | G19: Asociado | H19: 4.56 | I19: II/2023 | J19: 2 | K19: Activo
A20: 17 | B20: Biología | C20: 66920157 | D20: GARCÍA CARDENAS DELLY ROCIO | E20: 39660 | F20: Doctorado | G20: Asociado | H20: 4.84 | I20: II/2025 | J20: 2 | K20: Activo
A21: 18 | B21: Biología | C21: 89006379 | D21: GARCÍA MERCHÁN VICTOR HUGO | E21: 38027 | F21: Doctorado | G21: Titular | H21: 4.55 | I21: I/2024 | J21: 2 | K21: Activo
A22: 19 | B22: Biología | C22: 24675452 | D22: GIRALDO GARCÍA ALEJANDRA MARÍA | E22: 42955 | F22: Maestría | G22: Asistente | H22: 5 | I22: II/2025 | J22: 2 | K22: Academico-Administrativo | L22: Inició comisión académico-admon el 02/05/2023 como Vicerrectora de Extensión y Desarrollo Social
A23: 20 | B23: Biología | C23: 89006235 | D23: GÓMEZ MARÍN GERMÁN DARÍO | E23: 45028 | F23: Maestría | G23: Asistente | H23: 4.89 | I23: I/2024 | J23: 2 | K23: Activo
A24: 21 | B24: Biología | C24: 66736378 | D24: LOANGO CHAMORRO NELSY | E24: 39142 | F24: Doctorado | G24: Titular | H24: 4.7 | I24: I/2023 | J24: 2 | K24: Activo
A25: 22 | B25: Biología | C25: 41935619 | D25: LORA SUÁREZ FABIANA MARÍA | E25: 42955 | F25: Doctorado | G25: Asistente | H25: 4.85 | I25: II/2024 | J25: 2 | K25: Activo
A26: 23 | B26: Biología | C26: 79400867 | D26: MANTILLA MELUK HUGO | E26: 41436 | F26: Doctorado | G26: Asistente | H26: 4.89 | I26: II/2025 | J26: 2 | K26: Activo
A27: 24 | B27: Biología | C27: 7535130 | D27: ROMÁN VALENCIA CÉSAR | E27: 34178 | F27: Doctorado | G27: Titular | H27: 3.65 | I27: I/2025 | J27: 1.2 | K27: Activo
A28: 25 | B28: Biología | C28: 41922237 | D28: SEPÚLVEDA NIETO MARÍA DEL PILAR | E28: 40203 | F28: Maestría | G28: Asociado | H28: 4.81 | I28: I/2023 | J28: 2 | K28: Activo
A29: 26 | B29: Biología | C29: 25283616 | D29: VALENCIA ROJAS MÓNICA PATRICIA | E29: 43864 | F29: Doctorado | G29: Asociado | H29: 4.91 | I29: II/2025 | J29: 2 | K29: Activo
A30: 27 | B30: Biología | C30: 94378416 | D30: VARGAS SALINAS FERNANDO | E30: 41436 | F30: Doctorado | G30: Titular | H30: 4.92 | I30: I/2025 | J30: 2 | K30: Activo
A31: 28 | B31: Ciencia de la Información y Documentación, Bibliotecología y Archivística | C31: 41942253 | D31: CASTRO BENAVIDES LINA MARÍA | E31: 41872 | F31: Doctorado | G31: Titular | H31: 4.94 | I31: II/2023 | J31: 2 | K31: Activo
A32: 29 | B32: Ciencia de la Información y Documentación, Bibliotecología y Archivística | C32: 1094878677 | D32: HERNÁNDEZ CARVAJAL ANDRÉS MAURICIO | E32: 45091 | F32: Maestría | G32: Asistente | H32: 4.95 | I32: I/2024 | J32: 2 | K32: Activo
A33: 30 | B33: Ciencia de la Información y Documentación, Bibliotecología y Archivística | C33: 41955076 | D33: RAMÍREZ AGUDELO ANGÉLICA MARÍA | E33: 45078 | F33: Maestría | G33: Auxiliar | H33: 4.94 | I33: I/2024 | J33: 2 | K33: Activo
A34: 31 | B34: Comunicación Social - Periodismo | C34: 75064983 | D34: DÍAZ ARENAS PEDRO FELIPE | E34: 40392 | F34: Doctorado | G34: Titular | H34: 4.84 | I34: II/2025 | J34: 2 | K34: Activo
A35: 32 | B35: Comunicación Social - Periodismo | C35: 25156982 | D35: GIRALDO MARÍN LUCERO | E35: 39664 | F35: Maestría | G35: Titular | H35: 4.85 | I35: II/2021 | J35: 2 | K35: Activo | L35: Docente año sabático inicia 20/01/2025 y finaliza 19/01/2026
A36: 33 | B36: Comunicación Social - Periodismo | C36: 70081587 | D36: GRANADOS MORENO WILSON HORACIO | E36: 34171 | F36: Doctorado | G36: Titular | H36: 3.9 | I36: I/2023 | J36: 1.6 | K36: Activo
A37: 34 | B37: Comunicación Social - Periodismo | C37: 52070041 | D37: LEAL LARRARTE SANDRA ADRIANA | E37: 38803 | F37: Doctorado | G37: Titular | H37: 4.6 | I37: II/2021 | J37: 2 | K37: Activo
A38: 35 | B38: Comunicación Social - Periodismo | C38: 93357542 | D38: LOZANO BOTACHE JORGE PRUDENCIO | E38: 41673 | F38: Doctorado | G38: Titular | H38: 4.01 | I38: I/2022 | J38: 1.6 | K38: Activo
A39: 36 | B39: Comunicación Social - Periodismo | C39: 25213746 | D39: MEJÍA ESCOBAR BIBIANA MAGALY | E39: 42955 | F39: Doctorado | G39: Asociado | H39: 4.9 | I39: II/2022 | J39: 2 | K39: Activo
A40: 37 | B40: Comunicación Social - Periodismo | C40: 89004182 | D40: URREA GIRALDO JORGE EDUARDO | E40: 44963 | F40: Doctorado | G40: Asistente | H40: 4.92 | I40: II/2023 | J40: 2 | K40: Activo
A41: 38 | B41: Comunicación Social - Periodismo | C41: 89009806 | D41: VEJARANO BOLÍVAR RICARDO ALONSO | E41: 40392 | F41: Maestría | G41: Asistente | H41: 4.81 | I41: II/2025 | J41: 2 | K41: Activo
A42: 39 | B42: Contaduría Pública | C42: 41913187 | D42: ARANGO MEDINA DEICY | E42: 42955 | F42: Maestría | G42: Asociado | H42: 4.91 | I42: I/2024 | J42: 2 | K42: Activo
A43: 40 | B43: Contaduría Pública | C43: 7542144 | D43: BOTERO VILLA JUAN JOSÉ | E43: 38055 | F43: Maestría | G43: Asociado | H43: 4.9 | I43: II/2025 | J43: 2 | K43: Activo
A44: 41 | B44: Contaduría Pública | C44: 41943016 | D44: CABAL CRUZ CLAUDIA CONSTANZA | E44: 39329 | F44: Doctorado | G44: Asistente | H44: 4.67 | I44: II/2024 | J44: 2 | K44: Activo
A45: 42 | B45: Contaduría Pública | C45: 18390106 | D45: CATAÑO CASTRO FRANKLIN | E45: 43864 | F45: Maestría | G45: Asociado | H45: 4.82 | I45: II/2025 | J45: 2 | K45: Activo
A46: 43 | B46: Contaduría Pública | C46: 24580502 | D46: CEBALLOS RINCÓN OLGA INÉS | E46: 42955 | F46: Maestría | G46: Titular | H46: 4.79 | I46: II/2024 | J46: 2 | K46: Activo
A47: 44 | B47: Contaduría Pública | C47: 24580998 | D47: DíAZ CRUZ MARIA CONSTANZA | E47: 39660 | F47: Maestría | G47: Asociado | H47: 4.94 | I47: II/2025 | J47: 2 | K47: Activo
... A49: 46 | B49: Contaduría Pública | C49: 24573858 | D49: FAJARDO CALDERON CONSTANZA LORETH | E49: 34375 | F49: Maestría | G49: Titular | H49: 4.77 | I49: II/2024 | J49: 2 | K49: Activo
A50: 47 | B50: Contaduría Pública | C50: 29327038 | D50: GIRALDO DE ROJAS MARTHA CECILIA | E50: 42955 | F50: Maestría | G50: Asociado | H50: 4.75 | I50: II/2025 | J50: 2 | K50: Activo | L50: Inició comisión académico-admon el 01/06/2023 como Directora del Programa de Contaduría Pública, terminó comisión el 20/06/2025
A51: 48 | B51: Contaduría Pública | C51: 41935858 | D51: LÓPEZ CASTAÑEDA LINA MARÍA | E51: 40947 | F51: Maestría | G51: Asociado | H51: 4.93 | I51: II/2024 | J51: 2 | K51: Activo
A52: 49 | B52: Contaduría Pública | C52: 41913005 | D52: MEJÍA CASTELLANOS LUZ AMPARO | E52: 42955 | F52: Maestría | G52: Titular | H52: 4.81 | I52: II/2024 | J52: 2 | K52: Activo
A53: 50 | B53: Contaduría Pública | C53: 89000779 | D53: MEJÍA SOTO EUTIMIO | E53: 38777 | F53: Doctorado | G53: Titular | H53: 4.92 | I53: II/2024 | J53: 2 | K53: Activo
A54: 51 | B54: Contaduría Pública | C54: 18385247 | D54: RAMÍREZ LOZANO JAMES | E54: 38027 | F54: Maestría | G54: Titular | H54: 4.92 | I54: II/2024 | J54: 2 | K54: Activo
A55: 52 | B55: Contaduría Pública | C55: 7537804 | D55: RAMÍREZ OSORIO JORGE HUMBERTO | E55: 39660 | F55: Doctorado | G55: Titular | H55: 4.88 | I55: I/2025 | J55: 2 | K55: Activo
A56: 53 | B56: Contaduría Pública | C56: 24478396 | D56: ROMERO RESTREPO MIRIAM | E56: 35828 | F56: Especialización | G56: Titular | H56: 4.71 | I56: II/2025 | J56: 2 | K56: Activo
A57: 54 | B57: Contaduría Pública | C57: 328307 | D57: SIERRA PRIETO REINALDO | E57: 35828 | F57: Maestría | G57: Asistente | H57: 4.75 | I57: II/2025 | J57: 2 | K57: Academico-Administrativo | L57: Inició comisión académico-admon el 01/06/2023 como Decano de la Facultad de Ciencias Economicas
A58: 55 | B58: Contaduría Pública | C58: 98380743 | D58: TARAPUÉZ CHAMORRO EDWIN IGNACIO | E58: 38779 | F58: Doctorado | G58: Titular | H58: 4.86 | I58: II/2025 | J58: 2 | K58: Activo
A59: 56 | B59: Contaduría Pública | C59: 42086202 | D59: TORRES CASTAÑO ANA GLADYS | E59: 42955 | F59: Maestría | G59: Titular | H59: 4.89 | I59: I/2024 | J59: 2 | K59: Activo | L59: Docente año sabático inicia 20/01/2025 y finaliza 19/01/2026
A60: 57 | B60: Contaduría Pública | C60: 9728326 | D60: VÉLEZ RAMÍREZ RUBÉN ANTONIO | E60: 44963 | F60: Maestría | G60: Asistente | H60: 4.83 | I60: II/2023 | J60: 2 | K60: Activo
A61: 58 | B61: Economía | C61: 1094914627 | D61: ARISTIZABAL TORO ANDRÉS FELIPE | E61: 45323 | F61: Maestría | G61: Asistente | H61: 4.9 | I61: II/2024 | J61: 2 | K61: Activo
A62: 59 | B62: Economía | C62: 89000647 | D62: CASTRO DÍAZ ALEXANDER | E62: 44963 | F62: Maestría | G62: Asistente | H62: 4.87 | I62: II/2023 | J62: 2 | K62: Activo
A63: 60 | B63: Economía | C63: 7523648 | D63: CORREA VALENCIA CARLOS IVÁN | E63: 40392 | F63: Maestría | G63: Asociado | H63: 4.75 | I63: II/2023 | J63: 2 | K63: Activo
A64: 61 | B64: Economía | C64: 36310363 | D64: FLOREZ LAISECA ADRIANA MARÍA | E64: 42955 | F64: Maestría | G64: Asociado | H64: 4.71 | I64: I/2023 | J64: 2 | K64: Academico-Administrativo | L64: Inició comisión académico-admon el 01/06/2023 como Directora del Programa de Economía
A65: 62 | B65: Economía | C65: 15435040 | D65: RESTREPO PATIÑO MEDARDO DE JESÚS | E65: 41872 | F65: Doctorado | G65: Asociado | H65: 4.12 | I65: II/2025 | J65: 1.6 | K65: Activo
A66: 63 | B66: Economía | C66: 52353956 | D66: TRUJILLO OSORIO CATALINA | E66: 41872 | F66: Maestría | G66: Asistente | H66: 4.71 | I66: II/2023 | J66: 2 | K66: Activo
A67: 64 | B67: Enfermería | C67: 30399579 | D67: CORREA SUÁREZ GLORIA MARCELA | E67: 42955 | F67: Maestría | G67: Auxiliar | H67: 4.86 | I67: II/2025 | J67: 2 | K67: Activo
A68: 65 | B68: Enfermería | C68: 38794076 | D68: CORTÉS GALLEGO MÓNICA MARÍA | E68: 44967 | F68: Doctorado | G68: Asistente | H68: 4.92 | I68: II/2025 | J68: 2 | K68: Activo
A69: 66 | B69: Enfermería | C69: 30320098 | D69: ESCOBAR ESCOBAR MARIA BEATRIZ | E69: 43864 | F69: Doctorado | G69: Asociado | H69: 4.87 | I69: II/2024 | J69: 2 | K69: Activo
A70: 67 | B70: Enfermería | C70: 51802215 | D70: FERNÁNDEZ RINCÓN CARMEN AYDÉ | E70: 40947 | F70: Doctorado | G70: Titular | H70: 4.82 | I70: II/2025 | J70: 2 | K70: Activo
A71: 68 | B71: Enfermería | C71: 24571354 | D71: HENAO BURITICÁ ADIELA | E71: 41313 | F71: Maestría | G71: Asociado | H71: 4.93 | I71: II/2024 | J71: 2 | K71: Activo | L71: Docente año sabático inicia 20/01/2025 y finaliza 19/01/2026
A72: 69 | B72: Enfermería | C72: 24341881 | D72: LONDOÑO BURITICÁ DIANA PATRICIA | E72: 40963 | F72: Maestría | G72: Auxiliar | H72: 4.75 | I72: I/2022 | J72: 2 | K72: Activo | L72: Comision de estudios Aprobada en sesión del Consejo Superior, resolución No. 126 del 23 de marzo de 2023. Del 23 de febrero de 2023 hasta 22 de febrero de 2027.
A73: 70 | B73: Enfermería | C73: 1094897168 | D73: MONDRAGÓN SÁNCHEZ EDNA JOHANA | E73: 42955 | F73: Doctorado | G73: Asistente | H73: 4.58 | I73: II/2025 | J73: 2 | K73: Activo
A74: 71 | B74: Enfermería | C74: 46373917 | D74: PÉREZ SAAVEDRA ANA PATRICIA | E74: 43864 | F74: Maestría | G74: Asistente | H74: 4.78 | I74: II/2020 | J74: 2 | K74: Activo | L74: Comision de estudios Aprobada en sesión del Consejo Superior, resolución No.117 del 19 de agosto de 2022 . Del 27 de enero de 2023 hasta 26 de enero de 2027.
A75: 72 | B75: Filosofía | C75: 18467629 | D75: MOLINA ZAPATA JORGE ELIECER | E75: 44963 | F75: Doctorado | G75: Auxiliar | H75: 4.72 | I75: II/2023 | J75: 2 | K75: Activo
A76: 73 | B76: Filosofía | C76: 7549216 | D76: OCAMPO SEPÚLVEDA GABRIEL | E76: 42955 | F76: Doctorado | G76: Asociado | H76: 4.67 | I76: I/2023 | J76: 2 | K76: Activo
A77: 74 | B77: Filosofía | C77: 75079420 | D77: POSADA RAMÍREZ JORGE GREGORIO | E77: 39664 | F77: Doctorado | G77: Asociado | H77: 4.76 | I77: I/2023 | J77: 2 | K77: Activo
A78: 75 | B78: Filosofía | C78: 7521214 | D78: SANCHEZ JOSÉ REINEL | E78: 35828 | F78: Doctorado | G78: Titular | H78: 4.5 | I78: II/2024 | J78: 1.6 | K78: Activo
A79: 76 | B79: Filosofía | C79: 33816860 | D79: VÉLEZ YSIS | E79: 41436 | F79: Maestría | G79: Asociado | H79: 4.63 | I79: II/2021 | J79: 2 | K79: Activo | L79: Comisión de estudios aprobada en sesión del Consejo Superior, resolución No.138 del 23 de noviembre de 2023. Del 15 de febrero de 2024 hasta 14 de agosto de 2026.
A80: 77 | B80: Física | C80: 91499439 | D80: BASTO GONZÁLEZ VÍCTOR SAUL | E80: 44963 | F80: Doctorado | G80: Asistente | H80: 4.82 | I80: II/2023 | J80: 2 | K80: Activo
A81: 78 | B81: Física | C81: 89005929 | D81: CARMONA TABARES PAULO CESAR | E81: 38376 | F81: Doctorado | G81: Asociado | H81: 4.72 | I81: I/2024 | J81: 2 | K81: Activo
A82: 79 | B82: Física | C82: 98337524 | D82: CASTILLO CHAMORRO JOSE HUMBERTO | E82: 36951 | F82: Doctorado | G82: Asociado | H82: 4.91 | I82: I/2024 | J82: 2 | K82: Activo
A83: 80 | B83: Física | C83: 70420310 | D83: GÓMEZ GONZÁLEZ EDGAR ARTURO | E83: 40973 | F83: Doctorado | G83: Asociado | H83: 5 | I83: II/2025 | J83: 2 | K83: Academico-Administrativo | L83: Inició comisión académico-admon el 01/06/2023 como Director del Programa de Física
A84: 81 | B84: Física | C84: 43267159 | D84: HOYOS RINCÓN ISABEL CRISTINA | E84: 43864 | F84: Doctorado | G84: Asociado | H84: 4.91 | I84: II/2023 | J84: 2 | K84: Activo
A85: 82 | B85: Física | C85: 10110620 | D85: MOSQUERA MOSQUERA JULIO CÉSAR | E85: 39664 | F85: Doctorado | G85: Titular | H85: 4.51 | I85: II/2025 | J85: 2 | K85: Activo
A86: 83 | B86: Gerontología | C86: 41914225 | D86: GIRALDO ZULUAGA GLORIA AMPARO | E86: 42955 | F86: Maestría | G86: Asociado | H86: 4.96 | I86: I/2025 | J86: 2 | K86: Activo
A87: 84 | B87: Gerontología | C87: 7548440 | D87: GÓMEZ SANTOS CÉSAR AUGUSTO | E87: 41872 | F87: Doctorado | G87: Asociado | H87: 4.68 | I87: II/2023 | J87: 2 | K87: Activo
A88: 85 | B88: Gerontología | C88: 34536538 | D88: LÓPEZ CARDOZO LILIA INÉS | E88: 42955 | F88: Maestría | G88: Asociado | H88: 4.96 | I88: I/2025 | J88: 2 | K88: Activo
A89: 86 | B89: Ingeniería Civil | C89: 18494950 | D89: ARBOLEDA AUDRITO CARLOS JULIO | E89: 37288 | F89: Maestría | G89: Auxiliar | H89: 4.59 | I89: II/2025 | J89: 2 | K89: Activo
A90: 87 | B90: Ingeniería Civil | C90: 7561197 | D90: CANO SALDAÑA LEONARDO | E90: 37288 | F90: Doctorado | G90: Asociado | H90: 4.86 | I90: II/2025 | J90: 2 | K90: Activo
A91: 88 | B91: Ingeniería Civil | C91: 41948404 | D91: CASTRO BENAVIDES ALBA LUCÍA | E91: 42955 | F91: Maestría | G91: Asistente | H91: 4.7 | I91: II/2024 | J91: 2 | K91: Activo
A92: 89 | B92: Ingeniería Civil | C92: 41945865 | D92: CUARTAS VARÓN LUISA FERNANDA | E92: 44963 | F92: Maestría | G92: Asistente | H92: 4.84 | I92: II/2023 | J92: 2 | K92: Activo
A93: 90 | B93: Ingeniería Civil | C93: 89008169 | D93: CUÉLLAR REYES ÁLVARO JAVIER | E93: 44963 | F93: Maestría | G93: Auxiliar | H93: 4.84 | I93: II/2023 | J93: 2 | K93: Activo
A94: 91 | B94: Ingeniería Civil | C94: 9866770 | D94: FLÓREZ GALVEZ JORGE HERNÁN | E94: 42955 | F94: Doctorado | G94: Asistente | H94: 4.87 | I94: II/2024 | J94: 2 | K94: Activo
A95: 92 | B95: Ingeniería Civil | C95: 7530943 | D95: GARCÍA LEAL JUAN CARLOS | E95: 33991 | F95: Maestría | G95: Asistente | H95: 4.8 | I95: II/2024 | J95: 2 | K95: Activo
... A100: 97 | B100: Ingeniería Civil | C100: 7548119 | D100: MARMOLEJO CARDONA MARIO ALBERTO | E100: 35828 | F100: Doctorado | G100: Asistente | H100: 4.83 | I100: II/2025 | J100: 2 | K100: Activo
A101: 98 | B101: Ingeniería Civil | C101: 89001775 | D101: MONSALVE DURANGO ELKIN ANIBAL | E101: 40947 | F101: Maestría | G101: Titular | H101: 4.74 | I101: II/2020 | J101: 2 | K101: Activo | L101: Comision de estudios Aprobada en sesión del Consejo Superior, resolución No. 113 del 14 de junio de 2022. Del 13/07/2022 hasta 30/06/2023. Se prorroga comisión del 01/01/2024 al 12/07/2025, del 13/07/2025 al 12/01/2026 y del 13/01/2026 al 12/07/2026.
A102: 99 | B102: Ingeniería Civil | C102: 18416179 | D102: POLANIA OBANDO LUIS FERNANDO | E102: 39199 | F102: Maestría | G102: Asociado | H102: 5 | I102: II/2022 | J102: 2 | K102: Academico-Administrativo | L102: Inició comisión académico-admon el 01/05/2023 como Rector, estaba en comisión académico-admon como Vicerrector de Extensión desde el 30/12/2015
A103: 100 | B103: Ingeniería Civil | C103: 7503647 | D103: SALAZAR SALAZAR ORLANDO | E103: 28185 | F103: Maestría | G103: Titular | H103: 5 | I103: II/2022 | J103: 2 | K103: Academico-Administrativo | L103: Inició comisión académico-admon el 02/05/2023 como Vicerrector Académico
A104: 101 | B104: Ingeniería Civil | C104: 79851951 | D104: VALENCIA MENA WILLIAM | E104: 41964 | F104: Maestría | G104: Asociado | H104: 4.64 | I104: II/2024 | J104: 2 | K104: Activo
A105: 102 | B105: Ingeniería Civil | C105: 30397494 | D105: VALENZUELA BOTERO CAROLINA | E105: 42955 | F105: Maestría | G105: Asistente | H105: 4.9 | I105: II/2025 | J105: 2 | K105: Academico-Administrativo | L105: Inició comisión académico-admon el 01/06/2023 como Decana de la Facultad de Ingeniería
...
